0,ุจู ุฏุฑุฏ ููุฎูุฑู ,neutral
1, ูโุชููุณุช,neutral
1, ุจู ุนููุงู ู ฺฉุงูุง ูุฑููฺฏ ุจูุชุฑ ุจุณุชู,neutral
1, ุจูุฏ ุจุดู,neutral
2,ุจุณุชู ุจูุฏุด ุฎูุจ ุจูุฏ ,neutral
2, ฺฉุงุฑุจุฑุฏ ู ฺฉูุชุดู ุฎู ุฎูุจู,neutral
2, ูู ุจุฑุง ุฑูุบู ุฒุฏู,neutral
2, ุจู ูฺู ู ููุช ุงุจุฑู ุฎุฑุฏู,neutral
3, ุจู ูุธุฑู ุฎูุจู,neutral
3, ููุท ฺฉู ุธุฑูู .,neutral
3, ุงุฒ ุฑูฺฏุด ุฎูุดู ุงููุฏ ูู ุจุฑุง ุตุงุจูู ุงุจุฑู ุงุณุชูุงุฏู ูฺฉูู ุฑุงุถ ุงู,neutral
4, ูุนูููู,neutral
4, ุงฺฏู ูุงุณู ุฎููู ุฑูฺฏ ฺฉุฑุฏู ุดุฎุต ูุฎูุงู ุงูฺฉู ูู ุงฺฏู ูุงุณู ฺฉุงุฑ ุฏฺฉูุฑู ูุฎูุงู,neutral
4, ูู ุฒุงุฏ ูู ุฎูุจู,neutral
5, ูุจูุง ูู ุงุณุชูุงุฏู ฺฉุฑุฏู,positive
5, ุงฺฏู ุจูุฏ ุจุงุดู ฺฉุงุฑ ฺฉุฑุฏู ุจุงูุงุด ุฑู,positive
5,ุจุฑุง  ูพุงฺฉุณุงุฒ ูพูุณุช ุณุทุญ ุชู ุฎููู ุนุงูู,positive
6,ุฎูุจู,neutral
7, ุฎู ุจู ฺฉุงุฑุชูู ูุงุฏ,positive
7, ููุชุดู ููุงุณุจู,positive
8,ุฏููุง ูุทุงุจู ุนฺฉุณ ุจูุฏ,positive
9,ุจุฑุง ุญุงูุช ุฏุงุฏู ุจุง ุงุณูพุฑ ุง ูพูุฏุฑ ุนุงูู,positive
10,ุงูุฏุงุฒุด ฺฉูฺฺฉู ุจุฏุฑุฏ ุฑูฺฏ ูู ููุฎูุฑู ,neutral
11,ูุทุงุจู ุชูุถุญุงุช ุจูุฏ,neutral
12, ูุจ ฺพุงุฑู ูุฑู ูฺฉู,positive
12, ู ููุช ููุงุณุจ,positive
13, ุฎูุจ ุจูุฏ,positive
13, ุจุฎุฑุฏ,positive
13, ูุดูฺฏู,positive
14, ุณุงูู ุจูุฏ .,neutral
14, ุ ุดุณุชูุด ุฑุงุญุชู,neutral
14, ุ ูุงุณู ูุงุณฺฉ ฺฏุฐุงุดุชู ุฎู ุงุฏู  ุฎูุจู,neutral
14, ุ ุงุฒ ุงุณุฑุงู ู ฺฉุซู ฺฉุงุฑ ูุดูฺฏ ุฌููฺฏุฑ ูฺฉูู,neutral
15, ุฎู ุนุงู ุจูุฏ,positive
15, ุ ฺฉุงุฑุจุฑุฏู ุ ุฏฺฏู ูุงุฒู ูุณุช,positive
15, ุฌูุดุง ุฑู ุฏุณุชฺฉุงุฑ ฺฉุฑุฏ,positive
15, ุ ุจุง ุงู ูพููฺฏ ุฎู ุฑุงุญุช ูุดู,positive
15, ุชุฎูู ฺฉุฑุฏ,positive
16, ุจุฏุฑุฏ,neutral
16, ูุฎูุฑ ูุงูุน ููุช ุจุฏุณุชู,neutral
16, ุฑุณุฏ,neutral
16, ุจุฑุณุด ฺฉุฌ ุจูุฏ,neutral
16, ู ูุงููุธู ู ุงุฒ ูุฑุทุฑู ุฒุฏู,neutral
16, ุจูุฏ,neutral
16, ุจุฑูู ูุฑุฌูุน ฺฉุฑุฏู,neutral
17,ฺฉู ฺฏุฑุงู ุงูุง ุจุง ฺฉูุช,positive
18,ุฎูุจ,neutral
19, ฺฉูุช ฺุงูพ ุฎูุจ ุจูุฏ.,neutral
19, ุงูุง ฺุณุจ ูุง ูุงุณุฏ ุจูุฏูุฏ ,neutral
20, ุฎูุจ ุจูุฏ,positive
20, ุฎูุดู ุงููุฏ,positive
21, ูู ูุงู ูู ุฏูุชุง ุงุฒ ุจุฑุณุด ุดฺฉุณุชู ุฏุฌ ฺฉุงูุง ูุทูุง ุจุณุชู,neutral
21, ุจูุฏ ููุงุณุจ ฺฉูุฏ,neutral
22, ุฏุฑ ฺฉู ูุณุจุช ุจู ูพูู ฺฉู ูพุฑุฏุงุฎุช ูฺฉูุฏ,neutral
22, ุฎูุจู,neutral
23,ุจู ูุธุฑู ฺุฒ ุฎูุจ ู ุฎููู ูุฎุตูุตุง ุจุง ููุช ฑฐ ุช  ,positive
23, ูู ูฺฉุฑ ูฺฉุฑุฏู,positive
23, ุฎู ฺฉูฺฺฉ ุจุงุดู,positive
23, ูู ุงูุฏุงุฒุด ฺฉุงููุง ุงูฺฉ ุจูุฏ,positive
23, ู ูุดฺฉู ูุฏุงุดุช,positive
23,ุถุงุนุงุช ูู ูุฏุงุดุช ฺฉู ุจู ูู ุขุณุจ ุจุฒูู  ,positive
23,ุจุฑุง ฺฉุณ ฺฉู ูููุงุด ูุฑูุฑู ู ูุฎูุงุฏ ูุฑู ุฎูุจ ุจู ูููุงุด ุจุฏู ุนุงูู,positive
24, ูู ฺูุฏ ุฑูฺฏุด ุฑู ุณูุงุฑุด ุฏุงุฏู.,positive
24, ุฎู ุฎูุด ุฑูฺฏ ุจูุฏู ุชู ณ ุฑูฺฏ ุจูุฏ,positive
24, ุฑูฺฏ ุตูุฑุช ุฎูุด ุฑูฺฏ ู ุฒุฑุฏ ูุณูุฑ ู ุณูุฏ ุชุง ุญุงูุง ุงุณุชูุงุฏู ูฺฉุฑุฏู,positive
24, ฺฉู ุณุฑุด ูุณุจุช ุจู ุณุฑ ุฑูู ูุง ฺฉูฺฺฉ ุชุฑู,positive
25, ุฎูุจู .,positive
25, ูุดูฺฏู,positive
25, ฺฉูุชุด ุจุงูุง ุจูุฏ,positive
25, ุจุณุชู ุจูุฏ ุฎูุจู,positive
25, ุฏุงุดุช,positive
25,ุนฺฉุณ ูุฒุงุฑู,positive
26, ุนุงูู ูพุดููุงุฏ ูฺฉูู,positive
26, ุฎู ุฎูุดู ุงููุฏ,positive
26, ฺุฒ ุจุฏ ูู ูุฏุงุฑู,positive
26, ููู ฺุด ุนุงูู,positive
27,ุฎูุจ ู ุดุจู ุนฺฉุณ ุจูุฏ ,positive
28,ุฎูุจ ุจูุฏ,neutral
29,ุจุงฺฉูุช ู ุนุงู,positive
30,ุฎูุจ ุจูุฏ,positive
31,ุฎู ุฎูุจ ุจูุฏ,positive
32, ูุณุจุช ุจู ูุฌู ฺฉู ูพุฑุฏุงุฎุชู,neutral
32, ุงุฒ ุฎุฑุฏ ุงู ูุญุตูู ุฑุงุถ ูุณุชู,neutral
33,ุจุณุชู ุจูุฏ ุฎูุจ  ,positive
33,ุถุฎุงูุช ุนุงู  ,positive
33, ุจูุธุฑ ูุงุฏ,positive
33, ุฌูุณุด ุฎูุจู,positive
33,ุชู ุงุณุชูุงุฏู ูุดุฎุต ูุดู  ,positive
33,ุนฺฉุณ ฺฏุฐุงุดุชู ุจุจูุฏ,positive
34,ุงูุง ุฑู ุจุฑูู ุฏููู ุง ต ุง ููุช ููุฑูุดู  ,positive
34,ุงูุงู ถ ุชุง ุฎุฑุฏู ฑฒ ุชููู ฺฉู ูู ุจุง ฺฉูุชู ูู ููุชุด ุนุงูู,positive
35, ุฎูุจู,positive
35, ุฏุฑ ฺฉู ุงุฑุฒุด ุฎุฑุฏ ุฏุงุฑู,positive
36, ุฏูุณุช ุฏุงุดุชู,positive
36, ูู ุฌุงูุจู ูู ุดฺฉ ุจุณุชู,positive
36, ุจูุฏ ูู ุชูุฒ ุจูุฏ,positive
36, ูู ุณุงูู,positive
36,*ุณูุงู ุฏูุจุงุฑูู ,positive
36,ุจุฑุง ุจุงุฑ ุณูู ุฎุฑุฏู:)),positive
37, ูู ูุฑูุฒ ุณูุงุฑุด ุฏุงุฏู,positive
37, ูู ูุฑูุฒู ุง ูุฑุณุชุงุฏู,positive
38,ุฎูุจ ุจูุฏุชูุตู ุจู ุฎุฑุฏูฺฉูู,positive
39,ุฎู ุฎูุจ ุงุณุช,positive
40, ูู ููุดู ุงุท ููู ูุงุฑฺฉ ุงุฒ ุฏุฌ ฺฉุงูุง ูุฎุฑู,positive
40, ุฎูุจู,positive
40, ุฑุงุถู,positive
41, ุนุงู ุจูุฏ,positive
41, ูพุดููุงุฏ ูฺฉูู,positive
41, ุจุฎุฑุฏ,positive
41, ุงูุง ฺฉุงุด ููุชุด ฺฉูุชุฑุดู,positive
42, ุงุตูุง ุฎูุจ ูุณุช,neutral
42, ููุท ุจุงุฏ,neutral
42, ุฑู ูุงฺฉ ุณูุฏ ุจุฒูุฏ,neutral
42, ูฺฏุฑูู ุฑู ูุฑ ูุงฺฉ ุฏฺฏ ุจุฒูุฏ,neutral
42, ุฎูุฏุด ุฑู ูุดูู ููุฏู,neutral
43,ุฎูุจู,positive
44, ุขู ุจูุฏ,positive
44, ูู ุฌูุณุด ูู ฺฉูุชุด ู ุฏุฑ ุงุตู ููุชุด,positive
44,ู ุจูู ุงุทููุงู ฺฉุงู ุฑู ุจู ุจุฑูุงูู ุฏุฌ ฺฉุงูุง ุงุฎุชุตุงุต ุฏุงุฏ ,positive
44,ุฎู ููููู ุงุฒ ุจุฑูุงูู ุฏุฌ ฺฉุงูุง,positive
45, ุฎู ุทุฑุญุด ุจุง ููฺฉู ูู ุฏูุณุด ุฏุงุฑู.,positive
45, ูู ุญุชูุง ุฑูุด ุจุฑู ูุงุฎู ุจุฒูุฏ,positive
45, ูู ุฑู ูุงฺฉ ุฎุดฺฉ ุดุฏู,positive
45, ุฒุฏู,positive
45, ุฏุณุชู ุฑู ฺฉู ุดุณุชู ูุงูพุฏุฏ ุดุฏ,positive
45, !,positive
46, ูุฑูุดูุฏู ูฺฉุฑฺฉุฑุฏู,neutral
46, ฺูู ู ฺุฒ ฺฉูฺฺฉู ุฎุฑุฏุงุฑ ูุฑุฌูุน ููฺฉูู,neutral
46, ูู ูู ูุฑุฌูุน ูฺฉูู,neutral
46, ุนฺฉุณ ูุฒุงุฑู,neutral
46, ุจุจูุฏ,neutral
47,ุฎูุดฺฏูู ุฎุฑุฏ,positive
48,ุฎู ุฎูุจ ุจูุฏ ,positive
49,ุฎูุจ                 ,positive
50,ุฎูุจู,positive
51, ุฎู ุฎูุดฺฏู ู ฺฉุงุฑุจุฑุฏ ูุณุชุด,positive
51, ู ุงูุฏุงุฒู ููุงุณุจ ุฏุงุฑู,positive
51,ูุทุนุง ูพุดููุงุฏ ูุดู  ,positive
51,ูุดุฎุตุงุช : ูุทุฑ ฺฉุงุณู ุฑูฺฏ ต ุณุงูุช ูุชุฑ ู ุทูู ุจุฑุณ ุงุจุฑู ุชูุฑุจุง ฑฑ ุณุงูุช ูุชุฑ ูุณุชุด,positive
52,ุฎู ุนุงู ุชูุตู ูฺฉูู,positive
53, ููุช ููุงุณุจ ุฏุงุฑูุฏ,negative
53, ู ุงุฒ ุชููุน ุฑูฺฏ ุฎูุจ ูู ุจุฑุฎูุฑุฏุงุฑ ูุณุชูุฏ,negative
53,ุงุฒ ูุญุงุธ ฺฉุงุฑุจุฑุฏ ูู ุงุฒุด ุฑุงุถ ุจูุฏู,negative
54, ุฎู ฺฉูฺฺฉ ุชุฑ ุงุฒ ุนฺฉุณ ุจูุฏ,negative
54, ุฎู ุฎู ุงูุชุธุงุฑู ุจุดุชุฑ ุจูุฏ,negative
54, ฺฉู ุจุฒุฑฺฏ ุชุฑ ุจุงุดู,negative
54, ูู ุจุงุฒู ุฎูุจ ุจูุฏ,negative
55, ุจุง ุณูุงู ุ ุจุง ุชูุฌู ุจู ููุช ูพุงู ุขู ุงุฑุด ุฎุฑุฏ ุฏุงุฑุฏ.,neutral
55, ูู ุจุฑุง ุงูฺฉู ุงู ูุธุฑ ุชุงุฏ ุดูุฏ .,neutral
55, ูุฌุจูุฑู,neutral
55, ุจุง ุขุชุด ฺฉู ููุฏ ุฑู ูุงุฑุฏ ฺฉูู,neutral
55, ุงูฺฉู ฺฉ ฺฉุงูุง ุณูุงุฑุด ูุฏ ุ ฺฉ ฺฉุงูุง ุฏฺฏุฑ ูุดุงุจู ุจุง ฺฉูุช ูพุงูุชุฑ ุง ููุช ูพุงูุชุฑ ุจุฑุงุช ูโูุฑุณุชู,neutral
55, ุญุงูุง ูุดุชุฑ ุง ุจุฑฺฏุดุช ูุฏู ุง ุญุงู ู ุญูุตูู ู ููุชุด ุฑู ูุฏุงุฑู ุจุฑฺฏุดุช ุจุฒูู ุฏุฑ ูุฑ ุตูุฑุช ุฏ ุฌ ฺฉุงูุง ุถุฑุฑ ูฺฉุฑุฏู ููุท ู ุชุฑ ุชู ุชุงุฑฺฉ ุงูุฏุงุฎุชู ฺฉู ุจุดุชุฑ ููุงูุน ูฺฏุฑู !!!!!,neutral
55,ฺฉู ุจุฑุง ููู ฺฉุงูุงูุง ฺฏูุชูุ ููุงุธุจ ุจุงุดุฏ ู ฺฏุฒุงุฑุด ฺฉูุฏ .,neutral
56,ุฎู ูู ุนุงู ,positive
57,ูุงุฎู ฺฏุฑ ุฎูุจู,neutral
58,ุฎู ุฎูุจ ู ุฎูุดฺฏูู,positive
59, ุฎู ุฎูุจู,positive
59, ู ุงุณุชูุงุฏู ุงุฒ ุฑุงุญุชู ุฑูุด ุงุณุชูุงุฏู ุงุด ูู ุงูู,positive
59, ุจุงุฏ,positive
59, ุฎุณ ุจุดู,positive
59, ุชุง ุงุฒ ุฌุฏุง ุจุดู,positive
59, ู ุจุฒูุฏ,positive
59, ุฑู ูุงุฎู,positive
60, ุฏูุชุง ูุฑู ุจุง ุฏูุทุฑุญ ฺฏู ูุฎุชูู ุจูุฏ,positive
60, ุ ู ุทุฑุญู ุจุฑุด ุจุฒูุฏ,positive
60, ู ุฏูู ุจุฒุงุฑุฏ,positive
60, ุชู ุขุจ ุ ู ูุงู ูพูุงุณุชฺฉ ฺฉู ุทุฑุญ ุฑูุดู ุงุฒฺฉุงุบุฐ ุฒุฑุด ุฌุฏุง ูุดู,positive
60, ุ ุงููู ุจุฒุงุฑุฏ,positive
60, ุฑู ูุงุฎู ู ุจุง ูพูุจู ุขุฑูู ุฑูุด ุถุฑุจู ุจุฒูุฏ,positive
60, ุชุง ุขุจ ู ุญุจุงุจ ุฒุฑุด ูุจุงุดู,positive
60, ุ ฺฉู ฺฉู ุฎุดฺฉ ุดุฏ,positive
60, ุฑูุด ุจุฑู ูุงุฎู ุจุฒูุฏ,positive
60, ุ ฺูู ุงู ุทุฑุญุด ฺฉูุฑูฺฏู,positive
60, ุฑู ุฒููู ุณูุฏ ุง ฺฉุฑู ฺฉูุฑูฺฏ ุฎูุฏุดู ุจูุชุฑ ูุดูู ูุฏู,positive
60, ุ ุฎู ุฎู ูุงุฒู ุทุฑุญุด ุฎุงุต ู ูุดูฺฏู ูู ฺฉู ุฑุงุถ ุจูุฏู,positive
60, ู ฺูุฏุชุง ุทุฑุญ ุฏฺฏู ุณูุงุฑุด ุฏุงุฏู,positive
61, ูุชุงุณูุงูู ุงุฒ ุณู ุนุฏุฏ ุขุจ ูพุงุด ุณูุงุฑุด ุฏุงุฏู .,neutral
61, ุดุฏู,neutral
61, ุ ุงุณูพุฑ ุฏู ุชุง ุงุฒ ุขููุง ุฎุฑุงุจ ุจูุฏ,neutral
61, ูุจูุง ฺฉู ฺูุฏู ุจุงุฑ ุฎุฑุฏุงุฑ ฺฉุฑุฏู ุจูุฏู ฺฉูุช ุจูุชุฑ ุฏุงุดุช .,neutral
62, ุฎู ูุดูฺฏู,neutral
62, ูู ุจุฑูู ุงูุง ูุฑู ุณู ุงู ฺูุงุฑ ุชูููู ูู ุงุฒ ุทุฑุญุด ุฎูุดู ุงููุฏ,neutral
62, ู ฺฏุฑูู ุจุง ุงู ููุช ุจ ุตุฑูู ูุณ,neutral
63,ุนุงู ุญุชูุง ุจุฎุฑุฏ,positive
64,ูุณุจุช ุจู ููุชุด ุนุงู ุงุณุช,positive
65,ุฏุฑ ฺฉู ุงุฑุฒุด ุฎุฑุฏ ุฑู ุฏุงุฑู,neutral
66, ฺฉุงุฑ ฺฉุฑุฏู ุจุงูุงุด ุฑุงุญุชู.,positive
66, ุจูุฏุงุดุชู,positive
67,ุฎูุจ,positive
68, ุฎูุจ ุจูุฏ,positive
68, ุฌูุณุดู ุฎูุจ ุจูุฏ,positive
68, ููุช ูู ุงุฒ ุจุฑูู ุงุฑุฒููุชุฑ ุจูุฏ,positive
68, ูุงุตูู  ุฏุงูู ูุง ฺฉู ุจูุฏ,positive
69, ูุฎุฑุฏ ุถุฑุฑ ฺฉุฑุฏุฏ,positive
69, ุฎู ุฎูุจู,positive
69, ุงุฑุฒุด ุฎุฑุฏ ุฑู ุฏุงุฑู,positive
69, ุณุฑุดู ุงุตูุง ุฎุฑุงุจ ูุดุฏ,positive
70, ูููุฒ ุงุณุชูุงุฏู ูฺฉุฑุฏู .,positive
70, ูู ุทุฑุญุด ูุดูฺฏู,positive
70, ๐ ๐ฅ ูุงุฒู ูุณุช,positive
70, ุญุชูุงุงุง ุงูุฏุงุฒู ูุงุฎู ุจุจุฑุฏ,positive
70, ูุชููุฏ ุทุฑุญ ู ูฺ ฺฉูุฏ ุจุฒุงุฑุฏ ุฑู ูุงุฎู ุจุนุฏุด ุจุง ุงุณุชูู ู ุจุฑุงุด ุง ฺฏูุด ูพุงฺฉ ฺฉู ุฏูุฑุดู ูพุงฺฉ ฺฉูุฏ ุงูุฌูุฑ ุฑุงุญุช ุชุฑู,positive
71, ุนุงู ุจูุฏ,positive
71, ูู ุจุฑุง ูุงุฎูู ูุง ฺฉูฺฺฉ ููุด ููุงุณุจ ูุณุช,positive
71, ูู ุฏุฑ ฺฉู ุฑุงุถ ุจูุฏู,positive
72, ููุฒ ู ุฎูุด ุฏุณุช ู ุจุณุงุฑ ฺฉุงุฑุจุฑุฏ ุญุช ุจุฑุง ูฺู ุชฺฉ ู ุฑุณู ุง ูู ุตูุฑุช ฺฏุฑูุชู,positive
72, ฺฉู ู ุตูุฑุช ุฌุบ ุฎูุดุฑูฺฏ ุงุฑุณุงู ุดุฏ,positive
73,ุงููุด ุจุฏ ูุณุช  ,neutral
73, ุจุนุฏ ฺูุฏุจุงุฑ ุชุฑุงุดุฏู ฺฉูุฏ .,neutral
73, ูุดู,neutral
73, ูุฏุงุฏ ุฑู ูุดฺฉูู,neutral
73, ูุฎุตูุตุง ูุฏุงุฏ ุจุฒุฑฺฏ ูุง ุฑู .,neutral
74,ุงุฒุฎุฑุฏู ุฑุงุถ ูุณุชู,positive
75, ุฎูุจู,positive
75, ุจุฑุง ุฎุท ฺุดู,positive
76,ุฎูุจ,positive
77, ุจู ุขุฏุงูุณ ูู ููุฎูุฑู,neutral
77, ุจุดุชุฑ ุดุจู ูุงฺฉุณ ููุนู,neutral
78, ุณูุงู ูู ุณุงู ุขฺฉูุข ุฑูฺฏ ทด ุณูุงุฑุด ุฏุงุฏู .,neutral
78, ุทุจู ูุธุฑูุช ู ุนฺฉุณ ฺฉู ุฏฺฏุฑุงู ฺฏุฐุงุดุชู,neutral
78, ุจูุฏู,neutral
78, ูู ู ุดูุงุฑู ุฏฺฏู ุจุฑุงู ุงุฑุณุงู ุดุฏู,neutral
78, ุจูู ฺฉ ุฑูฺฏ ุงูุชุถุงุญ ุงุฑุณุงู ุดุฏู,neutral
78, ุจูุฏ,neutral
78,ุนฺฉุณ ุณุงู ุฑู ฺฉู ุจุฑุง ูู ุงุฑุณุงู ฺฉุฑุฏู ุจุง ุนฺฉุณ ฺฉู ุชู ูุธุฑุงุช ุจูุฏ ฺฉูุงุฑ ูู ฺฏุฐุงุดุชู  .,neutral
78,ูุถุงูุช ุจุง ุฎูุฏุชูู,neutral
79, ุฎู ูุณุจุช ุจู ููุชุด ููุท ุฏูุณุชุงู ุจุฏููู ุงู ูุงุณฺฉ ูุณ ูพุฏ ูุณุชุด,positive
79, ฺฉู ุจู ุงู ุดฺฉู ุจุฑุฏู ุดุฏู,positive
79, ู ุฎูุฏุชูู ุจุงุฏ,positive
79, ุจูุด ููุงุฏ ุงุถุงูู ฺฉูู,positive
79, ุฏููุง ูุซู ูุฑุต ูุงุณฺฉ ูู ฑฐ ุชุง ฺฏุฑูุชู,positive
79, ฺูู ุฎู ุฎูุจู,positive
80, ุฑูฺฏ ูุฑูุฒุด ุฏุฑ ูุงูุน ุณุฑุฎุงุจ ุฑูฺฏ ูุณุชุด,positive
80, ูู ูุฑูุฒ,positive
80,ูู ุฏุฑ ฺฉู ุจุง ุชูุฌู ุจู ููุช ุงุฑุฒุด ุฎุฑุฏ ุฏุงุฑู ู ูู ุณุงุฒ ุฎูุจ ุฏุงุฑู ู ูู ฺฉูุช ุฎูุจ,positive
81, ุงูุง ุฎูุงุตู ุจฺฏู,positive
81, ุจุฑุง ุฏุฎุชุฑ ุนูู ฺฉูฺูููู ฺฏุฑูุชู,positive
81, ุฎู ุฎูุดุญุงู ุดุฏ,positive
81, ฺฉูุง ูุงุณุนู ูุฏู ู ุงูฺฉู ุฏูุจุฑ ฺฉู,positive
81, ุฎูุจู,positive
81, ุจฺฏุฑู ูุฐุช ุจุจุฑู ููููู ุงุฒ ุฏุฌ ฺฉุงูุง,positive
82, ุงู ุจุฑูุฏ ูุงฺฉ ูพุงฺฉู ุฎู ุจุงฺฉูุชู .,neutral
82, ูู ูุชุงุณูุงูู ุจุฌุง ูพุฏ ูุงฺฉ ูพุงฺฉู ุจุฑุง ูู ุฏุณุชูุงู ูุฑุทูุจ ุขุฑุงุด ูุฑุณุชุงุฏู ุจูุฏู ู ุงุฑุฒุด ูุฑุฌูุน ูู ูุฏุงุดุช,neutral
83,ุฎูุจู ,positive
83,ููุดูู ุณุงูู ุจูุฏู ,positive
83, ุชุนุฏุงุฏ ุฏุฑุณุช ุงุฑุณุงู ุดุฏู,positive
83, ุจูุฏ,positive
83,ุงฺฏู ุชููุน ุฑูฺฏ ูุฎูุงู ุงุฒ ุดูุฒ ุงููุงู ุจุฎุฑูุููู ุทุจู ุนฺฉุณ ุฎุฑุฏุงุฑุงู ูุจู ุฏุฏู ุดูุฒ ุงููุงู ถ ุฑูฺฏ ูุชูุงูุช ููุฑุณุชู ฺฉู ููู ุงุฒ ุดูุฒ ุงููุงู ุณูุงุฑุด ุฏุงุฏู ู ุจุฑุงู ถ ุฑูฺฏ ูุชูุงูุช ุงุฑุณุงู ุดุฏ .,positive
84, ูุงูุนุง ุจุงุฏ,positive
84, ุจุฎุฑุฏ,positive
84, ุฏฺฏู ูุงุณฺฉุชูู ุงุตุฑุงู ููุดู,positive
85, ุชุนุฏุงุฏ ุชููพฺฉ ูุง ุฒุงุฏู,positive
85, ู ูุฑ ฺฉุฏูู ุญุฌู ุฎูุจ ุฏุงุฑู,positive
85,ููุช ุฑู ูุญุตูู ฒทตฐฐ  ,positive
85,ููุช ุฏุฌฺฉุงูุง ฒฑตฐฐ ,positive
85,ููููู ุงุฒ ุฏุฌ ฺฉุงูุง ,positive
86, ุจุง ุงู ููุช ุฎู ุฎูุจู,positive
86, ุจุฑูู ฺฏุฑููุชุฑู ูู ุฑูฺฏ ุฒุชูู ุณูุงุฑุด ุฏุงุฏู,positive
86, ุจูุฏู,positive
86, ุตูุฑุช ูุฑุณุชุงุฏู ฺฉู ุฎู ุจูุชุฑู,positive
86, ุฑุงุถู,positive
87, ุฎู ุฎูุจ ุจูุฏ .,positive
87, ู ฺฉูุช ุจูุฏ,positive
87, ูู ุจู ุขุฑู ูุง ูพุดููุงุฏ ูุฏู.,positive
87, ุฎู ุฒุจุง ุจูุฏ ู ฺุณุจูุฏฺฏ ุจุงูุง ุฏุงุดุช ู ุทุฑุญ ูุง ุฒุจุง ุฏุงุดุช,positive
88, ุดุงุจููู ูุณุช,neutral
88, ู ููุท ุจุฑฺุณุจ ูุณุช,neutral
88, ู ฺฉ ุจุงุฑ ูุตุฑู ูู ุฏุฑ ฺฉู ุฎูุจู,neutral
89, ุจู ูุธุฑ ูู ุณุงู ุฎูุจู,positive
89, ูุณุจุช ุจู ููุช ุฎูุจู,positive
90, ุชูุตู ููฺฉูู,neutral
90, ฺฉุงุฑุจุฑุฏ ูุฏุงุฑู,neutral
91, ูู ุงุฒ ุงู ุจุฑูุฏ ูุจูุงู ูู ุงุณุชูุงุฏู ูฺฉุฑุฏู,positive
91, ุฎูุจู,positive
91,ููููู ุงุฒ ุฏุฌ ฺฉุงูุง,positive
92,ุฏุฑูุฏ ,neutral
92,ุชุฑุงุด ุณุงูู ุจู ุฏุณุชู ุฑุณุฏ ,neutral
92,ู ุงุฒ ฺฉูุช ูุงุจู ูุจูู ูู ุจุฑุฎูุฑุฏุงุฑู ,neutral
92,ุงุฒ ุชุบู ูุง ุฑุงุถ ุจูุฏู ,neutral
92,ููุท ,neutral
92,ููููุทูุฑ ฺฉู ุฏุฑ ุชุตูุฑ ูุดุงูุฏู ููุฑูุงุฏ ,neutral
92, ูู ุฑูฺฏ ยซ ุจููุด ยป ุณูุงุฑุด ุฏุงุฏู,neutral
92, ุจูุฏู,neutral
92, !!!!!!!!!!!!!!!!!!!!,neutral
92, ูุทู ฺฉูุฏ,neutral
92, ุงฺฏุฑ ููุฌูุฏ ูุฏุงุฑุฏ,neutral
92,ุฏุฑ ุณุงุช ููุฌูุฏ ูุฒูุฏ ,neutral
92,ู ุจุนุฏ ุฑูฺฏ ุฏฺฏุฑ ุฑู ุงุฑุณุงู ุจูุฑูุงุฏ ,neutral
92,ุงุนุชูุงุฏ ูุดุชุฑ ุฑู ุณูุจ ูฺฉูุฏ ,neutral
92,ุจุง ุชุดฺฉุฑ ุงุฒ ุงูุณุงูุช ุดูุง ๐๐ป,neutral
93, ฺฉุงููุง ุจู ุฏุฑุฏ ูุฎูุฑ ุจูุฏ.,neutral
93,ุงูุจุชู ุจุฑุง ุงุณุชูุงุฏู ูพูฺฉฺฉ .,neutral
93, ุฎู ูุทุฑุด ุฒุงุฏู .,neutral
93, ู ุงุณุชูุงุฏู ุงุฒุด ุณุฎุชู,neutral
93,ูุถุงูุง ุจู ุงูฺฉู ุชู ูฺ ุฌุง ูพูฺฉฺฉ ูู ุฌุง ููุดู !!!,neutral
94, ุจุฑุง ุฎูุฏู ุณูุงู ุจูุฏ,neutral
94, ฺฉู ููู ูุฏู ู ุณุงุฒ ู ุดฺฉู ุดุดู ูุงฺฉ ุฑู ูฺฏู ูุฏุงุฑู,neutral
94, ุ,neutral
94, ู ุจูู ูฺฏู ูุฏุงุฑู .,neutral
94,ููุชูุง ุงฺฏุฑ ฺฉู ุฌูุณุด ุฎุดฺฉ ุชุฑ ุจูุฏ ุดุงุฏ ุจูุชุฑ ุจูุฏ ฺูู ุงฺฏุฑ ุดุดู ูุงฺฉ ฺฉูฺฺฉ ุจุงุดู ููฺฉูู ุงุฒุด ุณุฑ ุจุฎูุฑู ุฏุฑ ฺฉู ุฑุงุถ ูุณุชู ู ุณุฑุฎุงุจ ุด ุฎู ุฎูุดุฑูฺฏู ุงูุฑฺ ูุซุจุช ุฏุงุฑู,neutral
95, ุฎู ุนุงู ุจูุฏ,positive
95, ุ ูุงูุนุง ูุงฺฉ ุฑู ุฒูุฏ ูพุงฺฉ ูฺฉูู,positive
95, ู ุงุตูุง ูู ุจู ุงุณุชูู ุง ุจู ููู ููุฏู,positive
95, ุ ฺฉูุง ุฑุงุญู ุฎุงุต ูุฏุงุฑู,positive
95, ู ฺฉุงุฑุง ุฎูุจ ุฏุงุฑู,positive
96, ุนุงูู ูููู ุฑูฺฏ ฺฉู ุฎูุงุณุชู ุจูุฏู,positive
96, ุงุฑุณุงู ุดุฏ,positive
96, ุณุงูู ุจู ุฏุณุชู ุฑุณุฏ,positive
97, ุจุฑุณ ุฌูุณ ูุฑู ู ุฎูุจ ุฏุงุฑู,positive
97, ณฐ ู ธฐฐ ุฎุฑุฏู,positive
97, ุจูุธุฑู,positive
97, ุฎูุจู,positive
98,ุจุง ุชูุฌู ุจู ููุช ูพุงูุด ุฎู ุฎูุจู,negative
99, ุฎู ุฎูุดฺฏูู ู ุงุฑุฒู ุชู ุฎููู ุทุฑุญ ุจู ุงู ุฎูุดฺฏู ุจุฏ ูุงูุนุง ุทุฑุญ ูุง ุงู ูุฏู ุทุฑุญ ูุงุฎู ุฒุจุงุณุช,positive
99, ูู ท ุทุฑุญ ุฎุฑุฏู,positive
99, ูุงูุนุง ุนุงูู,positive
100, ุฏูุฏ ุฒุจุง ูฺฉูู,neutral
100, ุฑูฺฏ ูู ุฑู .,neutral
101, ุจู ุฏุฑุฏ ูุฎูุฑ ุจูุฏ,neutral
101, ู ุจุง ูุงฺฺฉ ุฑูุด ููุดุชู,neutral
101, ุจูุฏ,neutral
101, OPI,neutral
101,ูุซู ฺฉ ุงุณููุฌ ูุดุฑุฏู ุจูุฏ ู ุจุฏูู ุงุณุชูุงุฏู ุฏูุฑ ุงูุฏุงุฎุชู .,neutral
102, ูู ุฏูุฑูฺฏ ุงุณ ู ุจ ุฑูฺฏ ู ุณูุงุฑุด ุฏุงุฏู,neutral
102, ุงุณ ุฏููุง ูุดุงุจู ุดฺฉู ุจูุฏ,neutral
102, ูู ุจ ุฑูฺฏ ุดูุงู ู ู ุงุณูพุฑ ุดุดู,neutral
102, ุง ฺฉูฺฺฉ ุจู ุฏุฑุฏ ูุฎูุฑ ูุฑุณุชุงุฏู ฺฉู ุนูุฏุช ุฏุงุฏู,neutral
102, ู ฺฉุจุงุฑ ุฏฺฏู ุจ ุฑูฺฏ ุดูุงู ู ุณูุงุฑุด ุฏุงุฏู,neutral
102, ูุชุงุณูุงูู ุจุงุฑ ุฏูู ูู ููุงู ุงุณูพุฑ ฺฉูฺฺฉ ุดุดู ุง ุจู ุฏุฑุฏูุฎูุฑ ู ูุฑุณุชุงุฏู ู ูู ูุฌุฏุฏุง ุนูุฏุช ุฏุงุฏู,neutral
103,ูพุฎุด ฺฉุฑุฏู ฺฉุฑู ุจุงูุงุด ุนุงูู,positive
104,ุฏุฑ ฺฉู ุฎูุจู,neutral
105,ูุจูุง ูู ุฎูุจ ุจูุฏ ,neutral
106,ุฏฺฏู ููุฎุฑู,neutral
107,ูุณุจุช ุจู ููุช ูุงุจู ูุจููู ู ฺฉุงุฑ ุฑุงู ุงูุฏุงุฒ,neutral
108,ฺฉูุชุด ุฎูุจู,neutral
109,ุฎู ุฎูุดฺฏูู,positive
110,ุณูุงู  ,positive
110, ูุดูฺฏ ู ุจุตุฑูู ูุณุช ,positive
110, ุงููู ุจุงุฑ ุจูุฏ,positive
110, ฺฉู ูุฒุงุดุชู,positive
110, ู ฺฉู ูุงูุงุฑุฏ ุจูุฏู,positive
110, ุงูุง ุนฺฉุณุดู ูุฒุงุฑู,positive
110, ุจุจูุฏ,positive
110,ุชุตุญุญ ูุธุฑ: ,positive
110,ุนุงู ุฏุฑุฌู ฺฉ ุงุฒ ููู ูุธุฑ ,positive
110,ุงูู ฺฉ ุดฺฉู ฺฏู ู ฺฉูฺฺฉ ูุณุช ฺฉู ุฑูฺฏุด ููุช ุจุฑู ูุงุฎู ุง ุชุงูพ ฺฉุช ูุฒู ูโุฑู ู ูพุฎุด ูุดู ุงูุงุงุงุง ุงูู ุทุฑุญ ุจุฑฺฏ ุจุณุงุฑ ุจุณุงุฑ ุฑู ูุงุฎู ุดฺฉ ูุดู ู ุฎู ฺฉูุชุด ุนุงูู ุ ูู ุฏููุงู ุจุฑู ูุงุฎู ุฒุฏู ุงุตู ุนุงู ุดุฏู  ,positive
110,ุนฺฉุณ ูุฒุงุฑู ุงุฒุด ุฑู ูุงุฎู ุจุจูุฏ,positive
111,ุฎู ูุงุฒู,positive
112, ุฑุงุถ ุจูุฏู,positive
112, ุ ุฑูฺฏุด ุฎูุจู,positive
112, ุ ฺฉูุชุด ูู ุนุงุฏู ุ ุจุง ุชูุฌู ุจู ููุช ูุงุจู ูุจูู ุจูุฏ,positive
113, ุชูุฒ ู ุฎูุจ ุจุณุชู ุจูุฏ ฺฉุฑุฏู,positive
113, ุจูุฏู,positive
114,ุฎู ุฎูุดุฑูฺฏ ู ุนุงูููู,positive
115, ุชูุงู ูพูุงุณุชฺฉ ุจูุฏู ู ุฌูุณ ูพูุงุณุชฺฉ ุจุงุนุซ ูุดู ุงูฺฉุชุฑุณุชู ุณุงฺฉู ุจู ูุฌูุฏ ุงููุฏู,neutral
115, ุฒุงุฏ ุจุงุดู,neutral
115,ุฏูุฏุงูู ูุง ูู ุณูุช ูุณุชู ู ุณุฑ ุฑู ุงุฐุช ูโฺฉูู,neutral
116, ฺฉูฺฺฉุชุฑ ุงุฒ ุนฺฉุณุด ู ุงูุฏุงุฒู ูุง ุฏุฑุฌ ุดุฏู .,neutral
116, ุฏุฑ ูุดุฎุตุงุช ูู ฺฉุงูุง ุจูุฏ,neutral
116, ุงุฑุฒุด ูุฑุฌูุน ูุฏุงุดุช.,neutral
116, ุฎุฑุฏุด ุฑู ุชูุตู ููฺฉูู,neutral
117, ูู ุดูุงุฑู ฒ ุฎุฑุฏู,neutral
117, ูู ุจู ูู ุดูุงุฑู ณ ูุฑุณุชุงุฏู ุฑู ุดูุงุฑู ูุจู ฒ ุฒุฏู,neutral
117,ูพูฺ ุชุง ุฎุฑุฏู ููู ุฑุง ูุฑุฌูุน ฺฉุฑุฏู,neutral
118, ุฏุฑ ุตูุฑุช ุงุณุชูุงุฏู ูุฏุงูู ุชุงุซุฑ ูุซุจุช ุฏุงุฑู,positive
118, ู ุงุฒ ุฑูุบูโูุง ฺฏุงู ุณุงุฎุชู,positive
118, ุดุฏู,positive
119, ุฑูุงู ู ุฑุงุญุช ฺฉุดุฏู,neutral
119, ูุดู,neutral
119, ุฑูฺฏ ู ุฏูุงู ุฑู ุตูุฑุช ุนุงูู ูู ูููุฒ ูุชุฑุงุดุฏู,neutral
119, ุจุจูู,neutral
119, ููฺฉุด ูโุดฺฉูู,neutral
119, ุงูู,neutral
120, ูุชุงุณูุงูู ูุญุตูู ุฏฺฏุฑ ุจุฑุง ูู ุงุฑุณุงู ุดุฏ .,neutral
120, ฺฉู ุจุฏุฑุฏู,neutral
120, ูู ุฎูุฑุฏ,neutral
120, ุงูุง ุฏุฑ ุงู ูุถุนุช ฺฉุฑููุง ุงุฑุฒุด ุงู ุฑุง ูุฏุงุฑุฏ ฺฉู ูุฑุฌูุน ฺฉูู .,neutral
121, ุงู ูุฏู ฺฉู ุชู ุนฺฉุณู ุจุฑุง ูู ุงุฑุณุงู ูุดุฏ,neutral
121, ุ ุญุช ุฑูฺฏ ุฏุฑุฎูุงุณุช ูู ูุจูุฏ,neutral
121, ุ ุฏุฑ ุฎูุงุณุช ูุฑุฌูุน ุฏุงุฏู,neutral
121, ุ ุฑุฏ ฺฉุฑุฏู .,neutral
121,ุดูุง ุงุดุชุจุงู ููู ุชฺฉุฑุงุฑ ูฺฉูุฏ,neutral
122, ุงูุฑูุฒ ุจุฏุณุชู .,positive
122, ุฑุณุฏ,positive
122, ุฎูุด ุฑูฺฏ ุฎูุจู,positive
122, ูู ุฎู ฺฉูฺฺฉู ูู ุจุง ุงู ููุช ูุงูุนุง ฺฉุงุฑุจุฑุฏ ู ุฎูุจู,positive
123, ุฎูุจ ุจูุฏ,neutral
123, ูุณุจุช ุจู ููุชุด,neutral
124,ุณุจุฒ ุงุจ ุฑูุดู ,neutral
124,ุฒูุฏ ููพุฑู,neutral
125, ุฎูุจู,neutral
125, ู ฺฉุงุฑุจุฑุฏ ูู ุฏูุชุง ุงุฒ ฺุฒุงุด ฺฉูุช ุจุฏ ุฏุงุฑู,neutral
126,ุฏุฑ ุงุตู ุจุฏ ูุจูุฏ,neutral
127, ุฎู ุฎูุจู .,positive
127, ุณุงุฒุด ฺฉูฺฺฉู ุชู ฺฉู ุขุฑุงุด ุฌุง ูุดู,positive
127, ู ุจู ูููุน ุชููู ูุดู,positive
127, ูู ู ุฑฺฺฏููู ุจุฒุฑฺฏ ุฏุงุดุชู,positive
127, ุชููู ูู ุดุฏ,positive
127, ุจุนุฏ ุฏู ุณุงู ุงูุฏุงุฎุชู,positive
127, ุฏูุฑ ฺฏูุชู,positive
127, ุดุงุฏ ุชุงุฑุฎ ุงููุถุงุด ฺฏุฐุดุชู,positive
127, ุจุงุดู,positive
127, ุณุงูู ุจู ุฏุณุชู ุฑุณุฏ ุงูุง ุงฺฏุฑ ุฏูุฑุด ุถุฑุจู ฺฏุฑ ุจุฐุงุฑู ุฑุณฺฉ ุดฺฉุณุชูุด ูพุงู ูุงุฏ ู ุจู ุฏุณุช ุจูู ุนุฒุฒุงู ูู ุณุงูู ูุฑุณู,positive
128, ุฑูฺฏ ูุฏุงุฏ ูููู ุง ุชุฑู ูุณุช,neutral
128, ูู ูุฏุงุฏ ุญุงูุช ฺุฑุจ ุฏุงุฑุฏ,neutral
128, ู ูููุน ฺฉุดุฏู ุฑู ุงุจุฑู ุงู ฺุฑุจ ุฑู ุงุญุณุงุณ ู ฺฉู,neutral
128, ู ุงุตูุง ุฑุงุถ ูุณุชู,neutral
129, ุฎู ุฎูุจ ูฺฉุงุฑุจุฑุฏ ูุณุช,positive
129, ูู ูุงุณู ุฏุฎุชุฑุงู ฺฏุฑูุชู,positive
129, ุฎู ุฎูุดุดูู ุงููุฏ,positive
130, ฺฉูุช ุฎูุจ ุฏุงุฑู,positive
130, ุญุฌู ุฎู ุฎูุจ ุฏุงุฑู,positive
130,ูู ุจุฑุง ุฒุฏู ุชููุฑ ู ูุณูุงุฑ ุจู ุตูุฑุชู ุงุฒุด ุงุณุชูุงุฏู ูฺฉูู  ุฎู ุฎูุจู ูุฑูู ูุทู ูุณุช ูุฑ ฺฉ ุจุณุชู ุจุฑุง ูุตุฑู ุฑูุฒุงูู ุญุฏูุฏ ฺฉ ุณุงู ฺฉุงูู,positive
131,ุจุง ฺฉูุช ู ุฎูุดุฑูฺฏ,positive
132, ูุณุจุช ุจู ููุช ุฎู ุฎูุจู,positive
132, ูููุฒ ุงุณุชูุงุฏู ูฺฉุฑุฏู,positive
132, ุงูุง ุชุฑุงฺฉู ุจุงูุงุณ,positive
133, ุฎู ุฎูุจ ูุณุช,neutral
133, ุงูุง ฺฉุงุฑ ุฑุงู ุงูุฏุงุฒู,neutral
134, ุจุฑุง ุดุฎุต ุฏฺฏุฑ ฺฏุฑูุชู .,positive
134, ู ุงุฒ ฺฉูุชุด ุฑุงุถ ุจูุฏ,positive
135, ุจุง ููุฒ ูุงุฎู ุฎู ุฒุจุง ุดุฏ.,positive
135,ููููู ุงุฒ ุฏุฌ ฺฉุงูุง .,positive
136, ูฺ ฺฉุฏุงู ูุทุงุจูุช ูุฏุงุดุช,neutral
136, ูู ุฎู ฺฉุงูุง ุจุง ุงุฑุฒุด ูุณุช,neutral
136, ฺฉู ุงุฏู ุจุฎูุงุฏ,neutral
136, ุฎูุฏุด ุฑู ุฏุฑฺฏุฑ ฺฉูู,neutral
136, ู ุงู ฺฉู ูุฑุณุชุงุฏู ู ุฎู ูุดฺฉู ูุฏุงุฑู,neutral
137, ุฎูุฏุชูู ุนฺฉุณ ุฑู ุจุจูุฏ,neutral
137, . .,neutral
137, ุงู ุงูู ฺุฒู,neutral
137, ฺฉู ูู ุณูุงุฑุด ุฏุงุฏู,neutral
137, ุ,neutral
137,ุงฺฏู ูุฎูุงุณุชู ุณูุฏ ุณุงุฏู ุณูุงุฑุด ุจุฏู ูููู ท ุชููู ุฑู ูุฎุฑุฏู,neutral
138, ู ุฎุงฺฉุณุชุฑ ุฎู ฺฉูุฑูฺฏู,positive
138, . .,positive
138, ู ู ูุงู ุจุฒูุฏ,positive
138, ูุงุฎู ุฒุฑุด ูุดุฎุตู ุจุงุฏ,positive
138, ุฏููุงู ุจุฒูุฏ,positive
138, . . .,positive
138,ูู ุฏุฑ ฺฉู ุฑูฺฏุด ูุดูฺฏู,positive
139, ููุดู ุงุฒ ููู ุจุฑูุฏ ู ุดูุงุฑู ูฺฏุฑู,neutral
139, ุงูุจุงุฑ ุดูุงุฑู ฑฐท,neutral
139, ุงุฑุณุงู ุดุฏ .,neutral
139, ฺฉู ุฎู ูพุฑุฑูฺฏ ุจูุฏ,neutral
139, ุงุฑุฒุด ูุฑุฌูุน ฺฉุฑุฏู ูุฏุงุดุช   .,neutral
139,  ููููู ุงุฒ ุฏุฌ ู ูุฑูุดูุฏู,neutral
140, ุจุฑุง ฺฉ ฺฏุฑูุชู,positive
140, ุฑุงุถ ุจูุฏ,positive
141,ุฒุจุง ู ุนุงู ,positive
142, ุฎู ุฎูุจ ุจูุฏ,positive
142, ุงูุชุธุงุฑุด ู ูุฏุงุดุชู,positive
143, ฺฉู ุงุณุชูุงุฏู ุงุฒุด ุณุฎุชู.,neutral
143, ุฏุฑ ฺฉู ุฎูุจู,neutral
144, ุฎูุจู,neutral
144, ุฑูฺฏุด ุชุฑู ูุณุช,neutral
144, ฺฏูุฏูู ูพูุณุช ุณุจุฒู ุฑูุดู ูุดู,neutral
144, ููุท ุชุงุฑุฎุด ฺฉูู,neutral
144, ุฑูฺฏุด ุจู ุชุฑฺฏ ุนฺฉุณ ูุณุช,neutral
144, ูู ุฎูุจู ุจุฑุง ูพูุณุช ฺฏูุฏู,neutral
145, ูุณุจุช ุจู ููุช ูู ุฌูุณุด ุฎู ุฎูุจู,positive
145, ูู ุงูฺฉู ุชุนุฏุงุฏ ูุณุงู ฺฉู ุฏุงุฎู ุจุณุชุดู ู ูู ฺฉุงุฑุงุด ูู ฺฉู ุฎู ุฑุงุถ ุจูุฏู,positive
146, ูพุฏ ุฎูุจ ูุณุช,positive
146, ู ุจุง ุดุณุชุดู ฺฉุงููุง ุชูุฒ ูุดู,positive
146, ู ฺฉุฑู ุฑู ุฎู ุฎูุจ ุฑู ูพูุณุช ูพุฎุด ูฺฉูู,positive
147, ุงูุฏุงุฒู ุด ูุณุจุช ุจู ููุช ููุงุณุจู ุงูุง ุงุฒ ฺูุฏ ุฑูฺฏ ุจุฑุง ูู ุฑูฺฏ ูุดฺฉ ูุฑุณุชุงุฏู ุงูุฏูุงุฑู,neutral
147, ุงุฒ ููุงุฏ ุจุงุฒุงูุช ูุจุงุดู,neutral
148, ุงุตูุง ูพุงฺฉ ููุดู,positive
148, ุฎู ูุฑูู ู ูพูุณุช ุฑู ุฒุฎู ููฺฉูู ูู ฺุดุงู,positive
148, ุญุณุงุณู ุณุฑุน ุจู ฺฉุฑู ุง ุฎุท ฺุดู ูุงฺฉูุด ูุดูู ูุฏู,positive
148, ูู ุงูุจุงุฑ ุงุตูุง ฺุดู ูุงฺฉูุด ุฎุงุต ูุดูู ูุฏุงุฏ,positive
148, ุชูุตู ูฺฉูู,positive
149,ุณูุงู  ,positive
149, ุฏุฑฺฉู ูพฺฉ ุฎู ุฎูุจ ุจุง ุงู ููุช ุ ููุท ฺฉู ุณุฑ ุดููู,positive
149, ูุง ุชุฒ ฺฉู ุงฺฏุฑ ุฏุฑุณุช ุดููู ุจุฒูุฏ,positive
149, ุจู ุณุฑุชูู ุจุฑุฎูุฑุฏ ููฺฉูู ุ ฺฉู ูุงุฒฺฉ ฺฉู ฺูู ุงูุนุทุงู ูพุฐุฑ ุจู ุฑุงุญุช ููุดฺฉูู,positive
149,ุฏุฑุถูู ูู ฺฉ ุณุงู ุฏุงุฑู ูุดฺฉู ูู ูุฏุงุดุชู ,positive
150,ุนุงู,positive
151, ุงุตูุง ุจูุด ุขุจู,positive
151, ุจุฒู,positive
151, ุจ ุฒูุฑ ูุฑู,positive
151, ุฎู ุฎูุจ,positive
152, ูู ุงุญุณุงุณ ู ฺฉูู,neutral
152, ูพฺฉ ุงุตู ูุณุช,neutral
152, ู ูฺฉู ู ุฎูุฏุดูู ุฏุฑูู ููุท ุฑุฎุชูุฏ,neutral
152, ู ูพฺฉ ฺฉุฑุฏูุฏ,neutral
153,ุฎูุจ,positive
154, ุงููุง ุจฺฏู,neutral
154, ุฑูฺฏ ูู ฺฉู ุจุฑุง ูู ุงุฑุณุงู ุดุฏ,neutral
154, ููุช ูุงู ุจู ุชุงุฑุฎ ุงููุถุง ูููุฏู,neutral
154, ุจูุฏ,neutral
154, !,neutral
154, ุงุฒ ุงู ูุธุฑ ุฑุงุถ ูุจูุฏู .,neutral
154, ู ุนุงููู ุงุด ูููุฏู,neutral
154, ุฑู ุฏุณุชู,neutral
154, ุงูุง ุฏุฑ ุฑุงุจุทู ฺฉุงุฑุงุด ุจุงุฏ ุจฺฏู ุงูุชุธุงุฑ ููู ุจุฑุขูุฑุฏู ฺฉุฑุฏ ูู ุจุง ุงฺฉุณุฏุงู 3ฺฏุฐุงุดุชู ฺูู ุชุฑู ุชุฑู ุฑูฺฏ ูุชููุณุช ุจุฏู ุฑู ูุงุฒ ุฏุงุดุชู(ูููุงูู ุฑูฺฏ ฺฉุฑุฏู ุจูุฏู ุฑุดู ูููุงู ุฑูุดูโุชุฑ ุงุฒ ุณุงูู ุงุด ุดุฏู ุจูุฏ ูุฎูุงุณุชู ุฑุดู ูููุงูู ุชุฑู ฺฉูู) ุชูุฑุจุง ู ุฌุงูุงุด ุจู ูุดฺฉ ูุฒุฏฺฉู ุจุณฺฉู ุชุฑู ุงุณ ู ุฌุงูุง ฺฉู ุจุง ุดููู ุฒุฏู ุฑูฺฏ ุฑุณููุฏู ุจูุด ุณุฑูู ุง ุขุจ ุดุฏ .,neutral
154, ุงูุงู ุจุนุฏ ุณู ููุชู ููฺูุงู ูุณูุชุง ูุดฺฉ  ุฑูฺฏ ุฎูุฏุดููู ุญูุธ ฺฉุฑุฏู ู ููุท ุขุจุง ุฑูฺฏุด ฺฉู ุฑูฺฏุชุฑ ุดุฏู ู ุฑูุชู .,neutral
154, ุงูู ุจฺฏู ุชุง ููุชู ุงูู ุชู ููุฑ ูุณูุชุง ุขุจู ุฏูุณุช ูุฏุงุดุชู ุงูฺฏุงุฑ ูุซูุง ุฌููุฑ ุงุณุชุงููพู ุฒุฏ ุจู ฺฉูุช !,neutral
154, ู ุงูุง ุฎุจ ุฏุฑ ฺฉู ฺฉุงุฑ ูุฎูุงุณุชู ุฑู ฺฉุฑุฏ .,neutral
154,(ูุธุฑูู ุงุตูุงุญ ูฺฉูู: ุจุฑุง ุจุงุฑ ุฏูู ุงุฒ ุงู ุฑูฺฏ ูู ุงุณุชูุงุฏู ฺฉุฑุฏู ุจุฑุง ูุฏ ุฑุดู ู ุจู ุทุฑุฒ ุนุฌุจ ุฑู ุณุฑ ุฎุงุฑุด ุงุฌุงุฏ ูฺฉูู ู ุชุง ุฒูุงู ู ุจุฑ ุญููู ุงู ุฎุงุฑุด ุงุฏุงูู ุฏุงุฑู) ,neutral
155, ุฎูุจู,positive
155, ุชูุตู ูฺฉูู,positive
155, ููุท ฺฉู ฺฉูู ุงููู,positive
155, ุนฺฉุณุดู ูุฒุงุฑู,positive
155, ุฎูุฏุชูู ุจุจูู,positive
155, ุงูุจุชู ูู ุงุฒ ุทูุงู ฺฉู ุงุณุชูุงุฏู ฺฉุฑุฏู,positive
155, ูู ุจ ููุฑู,positive
155, ุง ุฏุณ ูุฒุฏู,positive
156, ุฌูุณุด ุฎูุจู ูุตุฑู ูุณุช,positive
156, ู ุจุนุฏ ุงุฒ ูุฏุช ุฎุฑุงุจ ูุดู,positive
156, ูู ุจูุชุฑ ุงุฒ ููุฒ ูุณุช,positive
156, ฺูู ุฎูุด ุฏุณุชู,positive
156, ูู ุงฺฏุฑ ูุฏู ุฎู ุงู ูุฏู ุฑู ุจุฎุฑุฏ,positive
156, ุงุญุณุงุณ ูฺฉูู,positive
156, ุฑุงุญุช ุจุดุชุฑ ุฏุงุฑู,positive
157, ูพุฏ ุฎูุจ ูุณุช,positive
157, ู ุจุณุชู ฺูุงุฑุชุงุด ุจู ุตุฑูู ุชุฑู,positive
158,ูุณูู ฺฉุงุฑุจุฑุฏ ูุณุช ,positive
158,ุฌูุณุด ุฎูุจู,positive
159, ุฏุฑ ฺฉู ุฎูุจู ุงูุจุชู ุชู ุนฺฉุณ ุฏูุชุงุดููู ุฏุงุฑู,positive
159, ูู ุจุฑุง ูู ููุท ู ุดููู ูุฑุณุชุงุฏู ุดุฏ,positive
160,ุฎูุจู ุฎูุด ุฏุณุชู ,positive
161, ุฏูุนู ุงููู ฺฉู ูฺฏุฑู.,neutral
161, ุงูุฏูุงุฑู .,neutral
161, ุฎูุจ ุจุงุดู,neutral
162, ูุงูุนุง ุงุฒ ุนฺฉุณ ฺฉู ฺฏุฐุงุดุชู,neutral
162, ุดุฏู,neutral
162, ูุชูุงูุช ุงุณุช,neutral
162, ุฎู ฺฉูฺฺฉ ุงุณุช,neutral
162, ุจุฏุฑุฏ,neutral
162, ุจฺู ูุง ูุฎูุฑุฏ,neutral
162, ุ ุนฺฉุณ ฺฏุฐุงุดุชู,neutral
162, ุชุง ูุชูุฌู ุงูุฏุงุฒุด ุจุดุฏ,neutral
163, ุจุง ุณูุงู ูู ุงุฒ ุงู ุธุฑู ูุง ุฎู ุฎู ุฑุงุถ ูุณุชู,positive
163, ูุณุจุช ุจู ููุชุด ุฎู ุนุงู ูุณุช,positive
163, ุญุชูุง ุชูุตู ูฺฉูู,positive
163, ฺฉู ุจุฎุฑุฏ,positive
164, ุฎู ุฎูุจู,positive
164, ุชุนุฏุงุฏุด ูู ุฏุฑุณุช ุจูุฏ,positive
165, ุจูุธุฑู ุนุงูู ุฎู ูุดูฺฏู,positive
165, ๐ฅบ ๐ฅบ,positive
166,ุฎูุดุฑูฺฏู ุจุดุฏุชุชุชุช ู ุฏฺฏุฑ ุญุฑู ูููููู ,positive
167,ุนุงู ุจูุฏ ,positive
168, ุฎูุจ ุจูุฏ,positive
168, ุฎู,positive
169, ููุงุณุจ ุจูุฏ,positive
169, ููุชุด,positive
170,ุนุงู ุจูุฏ,positive
171, ุทุจู ุนฺฉุณ ุจูุฏ,positive
171, ู ุจุฑุง ุฒุฏู ูุงุณฺฉ ุฎู ุฎูุจู,positive
171, ู ุงุฒ ูุฏุฑ ุฑูุชู ูุงุณฺฉ ุฌููฺฏุฑ ูฺฉูู,positive
171, ู ุจุง ูุณูุช ุจุฑุฌุณุชู ุตูุฑุช ุฑู ุจุง ุฑูุบู ุง ููุณูู ูุงุณุงฺ ูุฏ,positive
171, ู ุฏุฑ ฺฉู ูู ุฑุงุถ ุจูุฏู,positive
171, ุ ุจุง ุชุดฺฉุฑ ุงุฒ ุฏุฌ ฺฉุงูุง,positive
172,ุฏุฑ ฺฉู ุฎูุจ ุจูุฏ,positive
173,ุจุฑุงูู ู ุตูุฑุชุด ุฑูุดูู,positive
174, ุนุงู ุจูุฏ,neutral
174, ฺฉูุชุด ุ ุฑูฺฏุด ุ ุณูุชุด ุ ูุฑู ุจูุฏู ุดููู ูู ุจุฑุง ฺฉู ฺฏุฑูุชู,neutral
174, ฺฉู ฺฉูฺฺฉู ู ููุฌุง ุฌุง ูุดู,neutral
174, ูพุดููุงุฏ ูฺฉูู,neutral
175, ุฎูุจู,positive
175, ูพุดููุงุฏ ูฺฉูู,positive
176, ุงูุฏุงุฒู ุงุด ุฎู ฺฉูฺฺฉู ู ุงู ุฎู ุชู ุฐููู ุฎูุฑุฏ .,negative
176, ููุช ุฏุฏูุด,negative
176, ุ ุงูุจุชู ุจุฑุง ุญููุด ุฎู ฺฉูฺฉ ฺฉููุฏู ุงุณุช,negative
176, ู ูุณุจุช ุจู ููุช ุฎูุจู,negative
176, ู ู ุงุฑุฒู ุ ุจุดุชุฑ ุจุฎุงุทุฑ ุฎุงุตุช ุถุฏุขูุชุงุจ ุจูุฏูุด ฺฏุฑูุชู,negative
176, ุ ุฏู ูุฏู ูุฎุชูู ุ ุงูุจุชู ฺฉุดูู ุทุฑุงุญุด ุฒุดุช ุจูุฏ,negative
176, ูู ุฎุจ ุจู ูุฑูุฑ ุฑูฺฏุด ูุฑู,negative
176,ุฎุงุตุช ูุฑู ฺฉููุฏฺฏุด ูุงูุนุง ุนุงููุููุช ูุฒู ุงุซุฑุด ุชุงฒดุณุงุนุช ูุณุช ุงฺฏู ูุจูุง ุดุณุชู ูุดูุฺฉูุง ูู ุทุฑุงุญุด ุฌุฐุงุจูุูู ฺฉุงุฑุงุด .,negative
177, ุฎู ุฎูุจ ุจูุฏ,positive
177, ุญุฌู ุฒุงุฏ ููุท ููุฏุงุฑุด ุฑุฎุชู,positive
177, ุจูุฏ,positive
178,ูุนูููู ุจูุฏ,neutral
179,ุฎูุจ ุจูุฏ,positive
180, ฺฉุงุด ุชูุงูุช ุณุงุฒุดูู ุจุดุชุฑ ุจูุฏ.,positive
181,ุฎูุจุน,positive
182, ฺูุจุงุฑ ฺฏุฑูุชู,positive
182, ุฎูุจ ุจูุฏู,positive
182, . . .,positive
182,ุจุณุชู ุจูุฏ ุฎู ุฎูุจ ุจูุฏ,positive
183, ุจุฑุง ฺฉุฑู ูพูุฏุฑ ุฎู ุฎูุจ ู ุฑุงุญุชู,positive
183, ุงูุง ุจุฑุง ฺฉุงูุณูุฑ ุฎู ูุงุจู ูุตุฑู ูุณุช,positive
183, ุงู ุฑูฺฏุด ุฎู ูุดูฺฏู,positive
183, ุงูุจุชู ุงุฒ ุนฺฉุณุด ุณุจุฒุชุฑู,positive
184, ุจุฑุง ูู ตฐ ูู ูุฑุณุชุงุฏู ูุฑุฌูุนุด ฺฉุฑุฏู .,neutral
184, ุ ุงุฒ ูุฑูุดฺฏุงูโูุง ุฏฺฏู ุจุฎุฑุฏ,neutral
185,ุฑู ฺฏููู ุฑูฺฏุด ุจู ูุงุฑูุฌ ูุฎูุฑู,positive
186, ููู ูุณุงู ฺฉู ุฎุฑุฏ ฺฉุฑุฏู,positive
186, ุงุฒ ูุธุฑ ฺฉูุช ู ููุช ุนุงู ุจูุฏู,positive
187, ูุงูุนุง ุฑูฺฏุง ูุงุฑุงู ุจู ูููุง ูู ูุณุงุฒู,neutral
187, ุฎู ุฎูุจ ุฑูฺฏ ูฺฏุฑู,neutral
187, ุงูุง ูุงูุฏฺฏุงุฑ ุฑูฺฏ ูุช ฺฉูู,neutral
187, . . . .,neutral
187,ฺฉู ุจุง ุชูุฌู ุจู ููุชุด ุนุฌุจ ูุณุช .,neutral
188, ุฎูุจู,positive
188, ุฎู ุชุฒู,positive
189,ฺฉูุช ุฎูุจ ุฏุงุฑู,positive
190, ุฎูุจ ุจูุฏ,neutral
190, ูุณุจุชุง,neutral
191, ูุธุฑุงุช ุฑู ุฎููุฏู,positive
191, ููู ุฑุงุถ ุจูุฏู ุฎุฑุฏู,positive
191, ุชุงุฒู ุดุฑูุน ุจู ุงุณุชูุงุฏู ฺฉุฑุฏู,positive
192, ุณูุงู ูุญุตูู ุณุงูู ุจุฏูู ุดฺฉุณุชฺฏ ุจู ุฏุณุชู ุฑุณุฏ,positive
192, ูู ูู ุงุฒ ูุฑูุดฺฏุงู ุงูุฑ ุณูุงุฑุด ุฏุงุฏู,positive
192, ุจุฑุง ุงูุฑุฏูุด,positive
193, ูพุงฺฉ ฺฉููุฏู .,positive
193, ฺฏุด ุจุฏ ูุณุช,positive
193, ุ ุฏุฑุจ ุฎู ุจุฏ ุงุณุช,positive
193, ุจูุชุฑ ุงุณุช,positive
193, ุงุฒ ุฏุฑุจ ูพูุงุณุชฺฉ ุงุณุชูุงุฏู ุดูุฏ,positive
193, ุ ูููุน ุจุงุฒ ฺฉุฑุฏู ุงูฺฏุดุช ูู ุฑุง ุฒุฎู ฺฉุฑุฏ,positive
194, ุงู ูุงฺฉ ุฑู ุณูุงุฑุด ุฏุงุฏู .,neutral
194, ูู ุงู ุฑูฺฏ ฺฉู ฺฏุฐุงุดุชุฏ,neutral
194, ุงุตูุง ูููู ุง ูุณุช,neutral
194, ุ ุตูุฑุช ุฑูุดูู,neutral
194, ุฑูฺฏ ฺฉู ูู ุงุตูุง ุงุณุชูุงุฏู ุง ูุฏุงุฑู ู ุงู ูุงฺฉ ูุงุชู ู ุงุตูุง ุจุฑุงู ูุณุช ูู ุดฺฉุง ุงุดุงุฑู ูฺฉุฑุฏุฏ ฺฉู ูุงุชู .,neutral
195, ุฑูฺฏ ุฒุจุง ุฏุงุฑู,neutral
195, ุ ุจุฑุง ูู ฺฉู ูููุงู ูุดฺฉ ุจูุฏ,neutral
195, ู ุฑูฺฏ ุดุฑุงุจ ุฎู ุชุฑู ุดุฏู,neutral
195, ุ ูุซู ุฒุฑุดฺฉ ุชุฑู ุ ฺูุฏ ุจุงุฑ ฺฉู ุดุณุชู ุฑูุดูุชุฑ ุดุฏ,neutral
196, ุฏูุณุชุงู ูู ุงู ุณูุฑุงุฎ ฺฉููุฏู,neutral
196, ฺฏูุด ุฑู ุทุจู ูุธุฑุงุช ุณูุงุฑุด ุฏุงุฏู,neutral
196, ฺฉู ุชูุฑุจุง ูุซุจุช ุจูุฏ,neutral
196, ุงูุง ุฏุฑ ุดุฑุงุท ฺฉุงููุง ุบุฑ ุจูุฏุงุดุช ฺฉ ฺฉุงูุง ุจูุฏุงุดุช ุฑู ุงุฑุณุงู ฺฉุฑุฏู ฺฉู ูููุฌูุฑ ุฏุณุชฺฏุงู ุฑู ุงูุฏุงุฎุชู,neutral
196, ุจูุฏู ุชู ฺฉ ูพูุงุณุชฺฉ ุจุฏูู ุงูฺฉู ุฏุฑุด ุจุณุชู,neutral
196, ุจุงุดู,neutral
196, ุงูุฏุงุฎุชู,neutral
196, ุจูุฏู ูุงุจูุง ฺฉุงูุงูุง ุฏฺฏู . . .,neutral
196,ูู ุญูุตูู ูุฑุฌูุน ฺฉุฑุฏู ูุฏุงุดุชู ุฏุณุชฺฏุงู ุฑู ุจุทูุฑ ฺฉุงูู ุงูุฏุงุฎุชู ุชู ุงูฺฉู ุชุง ุถุฏ ุนููู ุจุดู  ...,neutral
196,ุฏุฑ ููุฑุฏ ุณูุฑุงุฎ ฺฉุฑุฏู ฺฏูุด ูู ุจุงุฏ ุจฺฏู ูู ุฎูุฏู ฺฏูุดูุงุฑู ุทุจ ุงุฒ ุฏุงุฑูุฎุงูู ุฎุฑุฏู ู ุชู ุฏุณุชฺฏุงู ฺฏุฐุงุดุชู ุชุง ุจุชููู ูพุฑุณูฺฏ ุจุฒูู ฺูู ฺฏูุดูุงุฑู ุฎูุฏุด ุทุจ ูุณุช ู ุชู ุฏุณุชฺฏุงู ฺฏุฑ ฺฉุฑุฏู ุจูุฏ ุงูุง ุณูุฑุงุฎ ฺฉุฑุฏู ฺฏูุด ุจุฑุงุญุช ุงูุฌุงู ุดุฏ ,neutral
197,ุนุงูููููููููู,positive
198, ุฑูฺฏ ูู ุฎูุจู,neutral
198, ุงูุจุชู ุฒูุฏ ูู ูพุงฺฉ ูุดู,neutral
198, ูู ุฎูุจู,neutral
199, ุจุฑุง ูู ู ูุฏู ุฏฺฏู ุงุฑุณุงู ฺฉุฑุฏู ุ ูู ุจุฎุงุทุฑ ูุฏุงุดุชู ุฒูุงู ูุชููุณุชู,neutral
199, ูุฑุฌูุนุด ฺฉูู,neutral
199,ูู ุฏุฑฺฉู ุดููู  ุงุดุชุจุงู ุนู ฺฉู ุจุฑุงู ูุฑุณุชุงุฏู ฺฉูุช ุฎูุจ ุฏุงุฑุฏ,neutral
200, ูู ุงู ฺฉุงุณู ุฑู ฺูู ฺฉูฺฺฉ ู ฺฏูฺฏูู ุจูุฏ .,neutral
200, ุจุฑุง ูุฑุต ูุงุณฺฉ ฺฏุฑูุชู,neutral
200, ุจูุฏู,neutral
200, ูู ูุฑูุดูุฏู ู ฺฉุงุณู ุจุฒุฑฺฏุชุฑ ุจุฑุงู ูุฑุณุชุงุฏู ฺฉู ูู ุงุฒ ูููู ูู ุฏุงุฎู ุณูุงุฑุดู ุฏุงุดุชู,neutral
200, ุงุฒ ูุฑูุดูุฏู ุฏฺฏู .,neutral
200,ุงูุงู ุฏูุชุง ฺฉุงุณู ู ุดฺฉู ุฏุงุฑู  ,neutral
200,ฺฉุงุด ูุงูู ููุช ูุฏุงุฑุฏ ู ูุญุตูู ุฑู ุจุฒูุฏ ูุงููุฌูุฏ ูุง ูุญุตูู ููุฑุฏ ูุงุฒ ุฏฺฏู ุง ุฑู ุงูุชุฎุงุจ ฺฉูู ,neutral
200,ูู ุงูฺฉู ุจุฏุณุชููู ุจุฑุณู ู ุจุฏุฑุฏููู ูุฎูุฑู,neutral
201, ููุชูุงุงูุฒุงุด ูพุฏุงฺฉุฑุฏู ูฺฉูุช ูุญุตูู ูุณุจุช ุจู ููุช ูพุงู ุงููุฏู,positive
201, ูุจู ุฑูฺฏ ูููุง ุงุฑุงูู ฺฏุฑุงูููุช ุชุฑุฌุญู ูุณุชุด,positive
201, ฺูู ุจูู ฺฉูุช ุฎูุจ ูุฏุงุฑู,positive
202,ุฑูฺฏ ูุฏุง ู ุงู ุดูุงุฑู ูุฏุง ุฑูฺฏ ุชุฑฺฉุจ ู ุฑูฺฏ ููู ุงูุนุงุฏู  ุฒุจุงุณุช ,positive
203, ุฌูุณ ุจ ฺฉูุช ุนู ุงู ฺฉูุง ุฑูฺฏ ุฑู ู ุฌูุณ ุฑู ุงุดุชุจุงู ูุฑุณุชุงุฏู,neutral
203, ุจุฑุง ูู ฺฉูุง ุฎุฑุงุจ ุจูุฏ,neutral
203, ุฑูฺฏุดู ฺฉ ุจููุด ุณูุงุฑุด ุฏุงุฏู,neutral
203, ุฒุฑุฏ ูุฑุณุชุงุฏู ุจุฑุงู ุงุตูุง ุงุฒ ุงู ูุฑูุดูุฏู ุฑุงุถ ูุจูุฏู,neutral
204,ุฎูุจ ู ฺฉุงุฑุจุฑุฏ,neutral
205, ุฎูุจู,positive
205, ููุท ุฒุงุฏ ูุฏุฑุช ูุฏุงุฑู,positive
205, ูู ุฎุจ ุขุณุจ ููุฒูู,positive
205, ุจู ูู,positive
206,ุฎูุด ุฑูฺฏ ู ุฏุฎุชุฑููู,positive
207,ุนุงู,positive
208, ุฎูุจู,positive
208, ูุณุจุช ุจู ููุช,positive
209,ุนุงู ู ุฎูุด ุฑูฺฏ  .,positive
209, ุฎู ุฏูุณุด ุฏุงุฑู,positive
209, ุจุฑุง ูููุง ุฏุฎุชุฑู ุฎุฑุฏู,positive
210, ุนู ูู ูููุฏู,neutral
210, ุงูู ฺฉู ููุดุชู,neutral
210, ุจูุฏ,neutral
210, ุงุตูุง ุจู ูุฏุงุฑู,neutral
210, ู ุงุฐุช ููฺฉูู ุญุณ ุจูุง ุงู ุฏุงุดุชู,neutral
210, ูุงูุนุง .,neutral
210,ุงููุฏ ุจู ุชูุฏ ู ุงูุชุถุงุงุงุญ ุฏุงุฑู ฺฉู ุฑู ุฑู ูุชุฑฺฉููู .,neutral
210,ุญุฌูุดู ฺฉูุชุฑ ุงุฒ ูุงุฑุงูู,neutral
211,ุชู ุจุณุชู ุจูุฏ ุจุณุงุฑ ููุงุณุจ ุจู ุฏุณุชู ุฑุณุฏ  ,positive
211, ฺฉูุช ูุงฺฉ ูู ุฎูุจู,positive
211, ููุท ุจู ุฎู ุฒุงุฏ ุฏุงุฑู,positive
211, ุนู ูู ููุช ู ุงูฺฏุดุชู ุฑู ูุงฺฉ ุฒุฏู,positive
211, ฺฉู ุงุชุงู ุจู ูุงฺฉ ฺฏุฑูุชู,positive
211, ุจูุฏ,positive
212, ุงู ุณุงู ุฎูุดุจุฎุชุงูู ุจู ุตูุฑุช ุณุงูู ุจู ุฏุณุช ุฑุณุฏ .,neutral
212, ูู ุงูฺฉุงู ูพูุฏุฑ ุดุฏูุด ูุฌูุฏ ุฏุงุดุช,neutral
212, ฺูู ูุฑูุดูุฏู ูุญุตููุงุช ุชุงูพ ุงุฒ ูพูุงุณุชฺฉ ุถุฏ ุถุฑุจู ุจุฑุง ูุญุตููุงุช ุฎูุฏุด ุงุณุชูุงุฏู ููฺฉูู,neutral
212, ูู ุฑฺ ฺฏููู ุงู ุงุฒ ุงู ูุฑูุดูุฏู ุชูู ฺฉุฑุฏู ุจูุฏู ูุชุงุณูุงูู ูพูุฏุฑ ุดุฏู ุจูุฏ .,neutral
213, ุจุณุชู ุจูุฏ ุงูุชุถุงุญ ุฏุฑุด ุจุงุฒ ุดุฏู,neutral
213, ุจูุฏ,neutral
214, ูุฏุช ุฒุงุฏ ูุณุช,positive
214, ฺฉู ุงุฒ ุงู ูุญุตูู ุงุณุชูุงุฏู ูฺฉูู,positive
214, ู ุฑุงุถู,positive
215,ฺฉูุช ุฎูุจ ุฏุงุฑู,positive
216,ุนุงู,positive
217, ูู ุฑุงุถ ุจูุฏู,positive
217, ุงุฒ ุฎุฑุฏู,positive
218, ูุงูุฏฺฏุงุฑ ุงุด ูุณุจุช ุจู ุขุจ ุฎูุจู .,positive
218, ูู ูุณุจุช ุจู ุถุฑุจู ู ุฎุฑุงุด ููุงูู ูุณุช,positive
218, ู ุฑุงุญุช ุจููุฏ ูุดู,positive
218, ูพูุดุด ุงุด ุจุงูุงุณุช ุนู ุญุช ุงฺฏู ู ุฑูฺฏ ูุงฺฉ ุชุฑู ุชุฑ ุฑู ูุงุฎู ุฏุงุฏู ุจุงุดุฏ ู ุจุนุฏ ุงู ุฑูฺฏ ูุงฺฉ ุฑู ุจุฒูุฏ ุ ฺฉุงูู ุฑูฺฏ ูุจู ุฑู ฺฉุงูุฑ ูฺฉูู ุจุฏูู ุงูฺฉู ุชุงุซุฑ ุชู ุฑูฺฏ ุฎูุฏุด ุฏุงุดุชู ุจุงุดู,positive
219,ุฎู ุฎูุดฺฏูู ุฏูุณุด ุฏุงุฑู,positive
220, ุฎูุฑุฏ ุฎุงฺฉุดุฑ ุดุฏู,neutral
220, ุงุฑุณุงู ุดุฏู,neutral
220, ูุงูุนุง ุงุฒ ุฏุฌโุชููุน ูุฏุงุดุชู ฺฉ ุถุฏ ุถุฑุจู ูุฒูู ุจูุด ุง ุญุช ุฏุงุฎู ฺฉุงุฑุชู ุจูุฏุงุฒู,neutral
220, ุงุฑุฒุด ูุฑุฌูุน ุงูโูุฏุงุดุช,neutral
220, ูุชุงุณููโุจุฑุง ูุณูุช ุจุณุชู ุจูุฏ,neutral
221, ูู ุจุฑุง ุงูู ูุฒุฑ ูพุดุช ูุจู ุฎูุจ ุจุดู,positive
221, ุงู ุฏุณุชู ุฑู ุฎุฑุฏู,positive
221, ุชุง ุฑุงุญุช ุชุบ ุจุฒูู,positive
221, ุจุง ุชูุฌู ุจ ููุชุด ุจูุธุฑ ูู ุฎู ุฎูุจู,positive
221, ู ุจุฑุง ุงุจุฑู ูุง ูู ุฎูุจู,positive
221, ูู ุจุฑุง ุงุจุฑู ูุง ุงุณุชูุงุฏู ุงุณ ฺฉู ุณุฎุชู ุญูุงุณุชูู ุจุงุดู,positive
221, ููุฒูุงู ุชุบ ูู ุจุฑุงุด ุจุฎุฑุฏ,positive
222,ฺฉุงููุง ฺฉุฏุณุช ู ุชูุฒ ,positive
222,ฺฉุงููุง ุณุงูู ,positive
222,ุจุณุชู ุจูุฏ ุฎูุจ ,positive
222, ูู ููุชููู,positive
222, ุงุณุชูุงุฏู ฺฉูู,positive
222, ฺูู ุฎู ุชุฑุณุช,positive
222,ุนฺฉุณุดู ูุฐุงุฑู ูู ุฏุงุฎู ุนฺฉุณ ุฎู ุฑูุดูู,positive
223,ฺฉูุช ุฎูุจ ู ุฎูุดุฑูฺฏ ู ูููุฏฺฏุงุฑ,positive
224,ุฎู ุฎูุจ ูุจูุฏ ,neutral
225, ูุงฺฉ ุฑู ุจู ุณุฎุช ูพุงฺฉ ูโฺฉูู.,neutral
225, ุงฺฏู ุชุงูพ ฺฉุช ูู ุฏุงุดุชู .,neutral
225, ุจุงุดู,neutral
225, ฺฉู ุฏฺฏู ุงุตูุง ูพุงฺฉ ููโฺฉูู,neutral
225, ูุจูุง ฺฏูโูู ุฏุงุดุชู,neutral
225, ฺฉู ุนุงู ุจูุฏ,neutral
225, ูู ููุฌูุฏ ูุจูุฏ,neutral
225, ุงูู ฺฏุฑูุชู,neutral
225, ู ูพุดูููู,neutral
226, ฺฉูฺฺฉู ุงูุง ุจุฑุง ุฑุฎุชู ุณุฑูู ุจูโูุธุฑู .,positive
226, ููู ุงุจุนุงุฏ ฺฉุงูู,positive
226, ุฎู ุจุงูุฒู ู ุฎูุดโุชุฑุงุดู.,positive
226, ุณุฑ ูููุด ูู ุฎูุจ ุชุฑุงุด ุฎูุฑุฏู .,positive
226, ู ุงุตูุง ุชุฒ ูุณุช,positive
226, ูู ฺฉู ุฎู ุฏูุณุด ุฏุงุฑู ู ุฎุฑุฏุด ุฑู ูพุดููุงุฏ ูโฺฉูู .,positive
227, ุงุตูุง ุฎูุจ ูุจูุฏ,neutral
227, ู ฺฉุงููุง ฺฉ ุจุงุฑ ูุตุฑู ุจูุฏ,neutral
227, ฺฉุงุฑ ุจุงูุงุด ุฑุงุญุช ูุณุช,neutral
227, ู ุฎู ูุงุฒฺฉ ูุณุชู,neutral
227,ูุซู ฺุณุจ ุจู ุฎูุฏุด ู ฺุณุจู  ,neutral
227,ู ุงฺฏู ุจุฎูุง ุฌุฏุงุด ฺฉู ูพุงุฑู ูุดู,neutral
228, ฺฉ ุงุฒ ุฏู ุณุฑ ูููู ุฏุงูุชู ฺฉูฺฺฉ ู ุทุฑู ุฏฺฏุฑ ุจุงุฏ,neutral
228, ุจุฒุฑฺฏ ูุดุฏ,neutral
228, ฺฉู ุจุฑุง ูู ูุฑ ุฏู ุชุงุด ฺฉ ุจูุฏ,neutral
229, ฺฏูุดู ุจุฑุณ ุดฺฉุณุชู,neutral
229, ุจูุฏ,neutral
230, ุฌุงูุจ ูุจูุฏ,neutral
230, ูุชุงุณูุงูู ุงูู ุฑูฺฏ ุนุณู ุฏุฑูููุฏุดุฎูุดู ูููุฏ,neutral
230, ุฒูุฏู ุจุง ฒ ุชุง ุญููู ุฑุดู ูุง ุณูุฏ ูููุงู ุจุฑฺฏุดุชู ูพูู ุจุดุชุฑ ุจุฏุฏ,neutral
230, ุฌูุณ ูููุฏฺฏุงุฑุชุฑ ุจฺฏุฑุฏ,neutral
230, ุฏูุณุชุงูู,neutral
231, ุฎูุฏ ูุงฺฉ ูุนูููู,neutral
231, ฺฉู ุจุง ฺฉูุชู ูู ุฑูฺฏ ู ุบูุธุช ู ูพูุดุด ุฏูุดู ุฏูุณุช ุฏุงุดุชู,neutral
231, ู ุงูฺฉู ูุซู ุจุนุถ ุจุฑูุฏูุง,neutral
231, ุฏฺฏู ุขุจฺฉ ูุจูุฏ,neutral
231, ุงฺฏุฑ ุณุงููุดู ุฏุณุชู ูุฑุณููุฏู ุงุฒ ุฎุฑุฏู,neutral
231, ุฑุงุถ ูุจูุฏู,neutral
231, ูู ุงุตูุง ูุซู ู ูุงฺฉ ุชุงุฒู ูุจูุฏ,neutral
231, ูุซู ุงููุง ฺฉู ุฎุฑุฏู,neutral
231, ฺูุฏุณุงู ูฺฏู ุฏุงุดุชู,neutral
231, ุงูุงู ูพุฎุด ููุดู ุฑู ูุงุฎู ู ุจู ููู ุฎุงุทุฑ ูุงุฑุงุถ ุงู ุงุฒ ุฎุฑุฏู,neutral
232, ูููุฒ ุงุณุชูุงุฏู ูฺฉุฑุฏู,positive
232, ูู ุงู ูุงุฑฺฉ ุฑู ูุจูุง ุงุณุชูุงุฏู ฺฉุฑุฏู,positive
232, ุนุงู ุจูุฏู,positive
233, ฺฉุชุงุจ ุจุฑฺฏุฒุฏู,positive
233, ุงุฒ ุดุนุฑ ูุง ุนุทุงุฑ ฺฉู ุฎู ุฎูุจ ุจูุฏ,positive
234,ุจุฑุง ฺฉูุฏฺฉุงู ุนุงูู,positive
235,ุนุงู ุจูุฏ ,positive
236, ุดุนุฑุด ูุดูฺฏู.,positive
237, ุณุงุฒุด ูุงูุนุง ฺฉูฺฺฉ ุจูุฏ,neutral
237, ( ูุทุฑ ด ุณุงูุช ) .,neutral
237, ุฌูุณุด ูู ุงุตูุง ุฎูุจ ูุณุช.,neutral
237, ูููุฒ ุงุณุชูุงุฏู ูฺฉุฑุฏู ุจุงูุชุด ูุง ุฑูุชู,neutral
238, ุงฺฏู ุดูุงูู,positive
238, ุชุงุญุงูุง ุงุฒ ุงู ุจุฑู ูุงุฎู ฺฉ ุ .,positive
238, ุฏู ุชุง ุฏุงุดุชุฏ ,positive
238,ุจูุธุฑู ุจุฑุงุจ ุฎุฑุฏ ุจุนุฏุชูู  ูุฏู ุฏฺฏู ...,positive
238, ุจูุชุฑุด ุฑู ุจฺฏุฑุฏ ุจูุชุฑู,positive
239, ูู ูุงุณู ฺฉุงุฏู ุฎุฑุฏู,positive
239, ุฎู ูุดูฺฏ ุจูุฏ,positive
239, ูู ุจู ูุจุด ูููุฏ,positive
239, ุฑูฺฏุด ูุงูุนู ูุดูฺฏู,positive
240, ุงู ุฑูฺฏ ูู ฺฉุงููุง ุฑูฺฏ ูุฑูุฒ ุขุชุดู ุจูุชูู ูุฏู,neutral
240, ู ุฎู ูุงูุชุฒ ูุณุช,neutral
240,ุจู ุฑูฺฏ ุงููุช ู ุจุงุฏูุฌูู ููุฒูู,neutral
241,ุฎูุจ ู ุจุงฺฉูุช,positive
242, ุงู ุดูุงุฑู ุฑูฺฏ ุงุฒ ูุญุตูู ุจูู ุฑู ุฌุง ุฏฺฏู ูุชููุณุชู,positive
242, ูพุฏุง ฺฉูู,positive
242, ุฎุฏุงุฑูุดฺฉุฑ ฺฉู ุฏุฌ ฺฉุงูุง ุฏุงุดุช,positive
242, ููููู ุงุฒ ุดูุง,positive
243, ฺฉุงุฑ ุจุงูุงุด ุจุณุงุฑ ุฑุงุญุชู,neutral
243, ู ุจุง ุฏุฏู ูุฏุฆู ูุง ุขููุฒุด ุทุฑุงุญ ูุงุฎู ุฎู ุฑุงุญุช ูุดู,neutral
243, ูุฑ ุทุฑุญ ฺฉู ุฏูุณุช ุฏุงุฑุฏ,neutral
243, ุฑู ุจุงูุงุด ุฑู ูุงุฎู ุจฺฉุดุฏ,neutral
243,ูู ุงุฒุด ุฑุงุถ ุจูุฏู ,neutral
244, ุฌูุฏ ุฎูุจ ู ูุดูฺฏ ุฏุงุฑู.,neutral
244, ฺฉุชุงุจ ูุณุช .,neutral
244, ฺฉู ุจุฑุง ุฑููู ุฏุงุฏู ุจู ฺฉุณุจ ู ฺฉุงุฑ ุงุฒุด ุงุณุชูุงุฏู ูุดู,neutral
245,ฺฉุชุงุจ ุณุงูู ุจุง ุจุณุชู ุจูุฏ ุชูุฒ ุฑุณุฏ ,positive
245,ูุญุชูุง ูู ฺฉู ููู ุงูุนุงุฏู ุฒุจุง ุจูุฏ,positive
246, ุจุฑุง ุฏุฎุชุฑ น ุณุงูู ุงู ุฎุฑุฏู,positive
246, ุฏุงุณุชุงู ุขููุฒูุฏู ุงุฒุฒูุฏฺฏ ูุดุฎุตุช ุณุฑุฏุงุฑ ุฏููุงุณุช,positive
247,ุฎู ุฎูุดฺฏู ู ูุงุฒู .,positive
247, ุฎู ูู ฺฉุงุฑุจุฑุฏู .,positive
247, ููุชุดู ุจุฏ ูุณ,positive
247, ูู ุฏุฑ ฺฉู ุฎูุจู,positive
247, ูู ุตูุฑุช ุณูุงุฑุด ุฏุงุฏู,positive
247, ุฎู ฺฉูุชู,positive
248, ุฎูุจ ุจูุฏ,positive
248, ุจุง ุงู ููุช,positive
249, ุณูุงู ูุณุจุช ุจู ููุชุด ูุงุจู ูุจูู ุจูุฏ .,neutral
249, ุ ูู ุงุณุชูุงุฏู ฺฉุฑุฏู,neutral
249, ุฎูุจ ุจูุฏ,neutral
250,ููุช ฒฑ ูุฒุงุฑ ุชููุงู ุจุฑุง ุงู ฺฉุงูุง ููุงุณุจู .,positive
250,ุฌูุณุด ูู ุฎูุจู,positive
251,ุฌูุณ ูุนููู,neutral
252,ุนุงูู ุฎู ุฑุงุถ ุงู,positive
253, ุฎูุดู ุงููุฏ,positive
253, ุฎูุด ุฑูฺฏ,positive
254,ุฎูุจู ุนุงู ุนุงู,positive
255, ฺฉูุชุด ู ุณุงุฒุด ุฎูุจู,neutral
255, ูู ุฌูุฑู ุงูฺฏุงุฑ ุจุง ฺฏูุงุด ุฑูฺฏุด ฺฉุฑุฏู ๐คฆ,neutral
255, ๐ป,neutral
255, โ โ ๏ธ ุงุญุณุงุณ ูฺฉู,neutral
255, ุงฺฏู ุจุง ุฏุณุช ุฎุณ ุจูุด ุฏุณุช ุจุฒู,neutral
255, ุฑูฺฏุด ูพุงฺฉ ูุดู,neutral
255, ุง ุฏุณุชุช ุฑูฺฏ ูฺฏุฑู,neutral
255, . . .,neutral
255, ูู ุฎูุฏู ู ูุงู ุจุฑู ูุงุฎูู ุฒุฏู ุฑูุด ฺฉู ุงูุจุชู ุฑูฺฏ ุฒุฑุด ูพู ฺฉุฑุฏ ู ุฌูุน ุดุฏ ู ฺุฑูฺฉ ุดุฏ ู ุฏุฑฺฉู ุงู ุฑูุดู ูพุดููุงุฏ ููฺฉูู๐ุดุงุฏ ุจุง ุงุณูพุฑ ูฺฉุณุงุชูุฑ ุงูฺฉ ุจุดู ๐๐คฆ๐ปโโ๏ธ,neutral
256, ุฎู ุฎูุดฺฏูู ุฏูุฏุงูู ูุง ููุฒ ูุญฺฉู ุฏุงุฑู,positive
256, ู ฺฉูุฏู,positive
256, ูู ุดู ุณุงุฒุด ุจุฒุฑฺฏ ุงุณุช,positive
256, ุชูุตู ู ฺฉูู,positive
256, ุฎุฑุฏุงุฑ ฺฉูุฏ,positive
256, ููุชุด ูุณุจุช ุจู ุฌูุณุด ุฎู ููุงุณุจ ู ูพุงูู,positive
257, ุฎู ุฎูุจ ุจูุฏ,neutral
257, ููููู,neutral
258, ุฎู ุจุฑุณ ุฎูุจู,neutral
258, ู ุฑูฺฏ ูุดูฺฏ ูู ุฏุงุฑู,neutral
259,ูุณุจุช ุจู ููุช ููุงุณุจ ุจูุฏ,neutral
260,ูุณุจุช ุจู ฺฉูุช ุงุฑุฒุด ุฎุฑุฏ ุฏุงุฑู ,positive
261, ฺฉูุชุด ุฎูุจ ุจูุฏ,positive
261, ู ุจุง ููุช ุจุณุงุฑ ุนุงู !!!,positive
262, ุฎูุจู,positive
262, ู ุฎูุฏ ูพูฺฉฺฉ ุณุงูู ุฑุณุฏ,positive
262, ูู ุฏุฑุจ ุดฺฉุณุชู,positive
262, ูพฺฏููุช ุจุงูุง ูุฏุงุฑู,positive
262, ูู ุฑุงุถ ฺฉููุฏู,positive
262, ูุณุชุด,positive
262,ูพูุงุณุชฺฉ ุงุณุชูุงุฏู ุดุฏู ูุญุตูู ุจุณุงุฑ ุจ ฺฉูุชู  ,positive
262,ูู ูู ธฑถ ฺฏุฑูุชู ุจุฑุง ฺฉุงูุชูุฑ ูู ธฐฑ ูู ูุฑู ุฒุงุฏ ูุฏุงุฑูุฏ ุฑู ูพูุณุช ,positive
262,ุนฺฉุณ ูุฒุงุฑู ุจุจูุฏ,positive
263, ุฎู ุฎูุดุฑูฺฏู,positive
263, ูู ููุช ุฏู ุจุงุฑ ูุฒู,positive
263, ุฎู ุฎู ุฏุฑ ุฎุดฺฉ ูุดู,positive
263, ฑ ุณุงุนุช ุจุนุฏ ุฏุณุชู ุฎูุฑุฏ,positive
263, ุจู ุฌุง ุฎุท ุงูุชุงุฏ,positive
263, ุฑูุด ุฏุฑ ุงู ุญุฏ,positive
264,ูุงุฑฺฉ ุฎูุจู ,positive
264, ุงุณุชูุงุฏู ูฺฉุฑุฏู,positive
264, ูููุฒ,positive
264, ูู ุงฺฏู ูุฎูุง,positive
264, ููู ุฑูฺฏ ุฑู ุฏุฑ ุจุงุฑ ุจุงุฏ,positive
264, ุญุชูุง ูพุงู ุฏฺฉูุฑู ุจุงูุง ุจุงุดู,positive
264,ุงูุชุธุงุฑ ูุฏุงุดุชู ุจุงุด ุฑู ูู ุฑูฺฏ ุดุฏู ุฏุฑุจุงุฏ,positive
265, ุฎูุจู,positive
265, ูพุดููุงุฏ ูฺฉูู,positive
266, ุฑูฺฏ ูุงฺฉ ฺฉุงููุง ูุชูุงูุช ุจุง ุฑูฺฏ ุชุตูุฑ ูุณุช.,neutral
266, ู ูู ุทูุง ู ูู ุจฺ ูุจุงุดุฏ,neutral
266, ุจูฺฉู ููุฑู ุง ุจุง ุชู ุตูุฑุช ูุณุช,neutral
266, ู ุงฺฉูููุง ุงุตูุง ุฒุจุฑ ูุณุช,neutral
266, ู ููุท ุจุงุนุซ ุดุงู ูุงฺฉ ูุณุช,neutral
266,ูู ุงุฒ ุฑูฺฏุด ุงุตูุง ุฑุงุถ ูุณุชู ุงูุง ุจุฎุงุทุฑ ฺฉุฑููุง ูุชููุณุชู ูุฑุฌูุน ฺฉูู,neutral
267, ุนุงู ุจูุฏ,positive
267, ูู ฺฉู ฺฉุชุงุจูุง ุงู ุดุฎุตุช ูุง ุฑุง ุฎุฑุฏู,positive
268,ุนุงููู ู ุฎูู,positive
269, ูุตู ูุง ุฎูุจ ู ุฌุฐุงุจ ุฏุงุฑู.,positive
270,ุนุงู ู ฺฉุงุฑุจุฑุฏ ุจูุฏ,positive
271,ููุช ุจู ูุณุจุช ฺฉูุชุด ุฎู ุฎูุจู ,positive
271,ุฑูฺฏุด ุฑูุดู ุชุฑ ุงุฒ ุนฺฉุณู ,positive
271, ูุจูุง ฺฉุฏ 938 ุฏุงุดุชู,positive
271, ุฏููุง ููููู ุจุง ุฑูฺฏ ูุชูุงูุช ุฑู ุฏุณุช ุฎู ูุดูฺฏ ูุดู,positive
272, ูฺฉ ูฺฉููโุฎูุจ ุจุง ุดู ููุท ุจูุด ุจุฏู,positive
272, ุชู ุชุตูุฑ ุจุฒุฑฺฏ ุชุฑ ุจู ูุธุฑ ู ุฑุณุฏ,positive
272, ููุท ูู ฺฉุงููุงู ูพุฑ ุจูุฏ,positive
273, ููู ุฏฺฉูุฑู ูุง ูู ุฑู ุฎุดฺฉ ูฺฉูู,positive
273, ุงูู ูุซู ููู ุงููุง ู ุงูฺฉู ฺฏุฑุฏู ุฏุงุดุช,positive
273, ูููุง ูู ฺฉูุง ุฏุฑ ุจ ุฑูฺฏ ูุดู,positive
273, ู ุงูู ูุซู ููู ุฏฺฉูุฑู ูุง ูุจู ุจูุฏ,positive
273, ฺฉู ุงุณุชูุงุฏู ฺฉุฑุฏู,positive
274, ุฎู ุฎูุดุฑูฺฏู.,neutral
274, ุงููุฏุฑ ููุฏูุด ุฎูุด ุฑูฺฏู .,neutral
274, ฺฉู ุจุฑุง ุณุฑ ุฏูู 4 ุนุฏุฏ ุณูุงุฑุด ุฏุงุฏู,neutral
274, ุงูุจุชู ุงูุฏูุงุฑู,neutral
274, ููุชุด ุจุดุชุฑ ูุดู,neutral
274, ฺูู ูุงูุนุง ุจุดุชุฑ ุงุฒ ุงู ุงุฑุฒุด ุฎุฑุฏ ูุฏุงุฑู,neutral
274,ฺฉู ุฒูุฏ ูุฑู ุฑูฺฏุด,neutral
275, ุจุง ุดฺฉ ุฎุฑุฏ ฺฉุฑุฏู,positive
275, ุงูุง ฺฉุงููุง ุฑุงุถ ุจูุฏู,positive
275, ุฏููุง ุฑูฺฏ ฺฉู ู ุฎูุงุณุชู,positive
275, ุดุฏ,positive
276, ุชู ุงู ููุช ูุงูุนุง ฺฉูุช ุฎูุจ ุฏุงุฑู.,positive
276,ูู ฺฉู ููุงุณู ุฑู ุตูุฑุช ุชู ุทููุงู ูุฏุช .,positive
276, ูู ุจุงุฒู ูู ุฑุงุถู .,positive
276, ุฏูุนู ฺูุฏูู ูุณุช,positive
276, ฺฉู ูุฎุฑู,positive
277, ูุง ฺฉุงุฑุดูุงุณ ุฑูฺฏ ูุง ู ุงฺฉุณุฏุงู ููุงุณุจ ูุณุชู,positive
277, ู ุจุงุฏ,positive
277, ฺฉู ุจุฑุฑุณ ู ูพุฑุณ ู ุฌู ฺฉูู,positive
277, ุ ู ูู ูู ฺฉ ุนุถู ููู ุจุฑุง ุฒุจุง ู ฺูุฑู ูุง ุงูุณุงููุงุณุช,positive
277, ุ ุฎูุงูุด ูุง ุงูู,positive
277, ฺฉู ุดุฑฺฉุช ูุงุฑุงู ุ ุงฺฉุณุฏุงู ููุงุณุจ ุฑู ุจุง ุจุณุชู ุฑูฺฏูุง ุ ุชุฑู ุง ุฑูุดู ุณุงุฒ ูุดุฎุต ู ููุฑุงู ฺฉููุฏ,positive
278, ุฎูุจ ุจูุฏ,positive
278, ู ุฑุงุญุช .,positive
279,ฺฉุชุงุจ ุฎูุจู ุจุฑุง ุขุดูุง ุจฺู ูุง ุจุง ุญูุงูุงุช,neutral
280, ุฏุงุณุชุงู ุฌุฐุงุจ ู ฺฏุฑุง ุฏุงุฑู.,neutral
280, ุจู ุนููุงู ูุฏู ุจู ฺฉูุฏฺฉุงู น ุชุง ฑฒ ุณุงู ุงูุชุฎุงุจ ููุงุณุจ ุฎูุงูุฏ .,neutral
280, ุจูุฏ,neutral
281, ูู ุฑูฺฏ ุจููุด ุณูุงุฑุด ุฏุงุฏู,positive
281, ฺฉ ูพุฏุด ุจููุดู,positive
281, ูู ุงุณุชูุฏุด ุตูุฑุช ูู ุฎู ูุงุฒู ุฑูฺฏุด ู ุฑุงุถู ุงูุฏุงุฒุดู ุจุฑุง ูู ุฎูุจู,positive
282, ุจูุธุฑ ูู ูุณุจุช ุจู ููุชุด ุฎู ุฎูุจู .,positive
282, ููุท ุจุงุฏ,positive
282, ูุณุจุช ุจู ุฑูฺฏ ูพูุณุชุชูู ุจุฎุฑุฏ,positive
282,ููุช ุจู ุฏุณุชู ุฑุณุฏ ฺฉุงููุง ุณุงูู ุจูุฏ ฺูู ุจุณุชู ุจูุฏ ุฎูุจ ุฏุงุดุช,positive
283, ฺุณุจูุงฺฉ ุชููุง ุฌุง ฺฉู ูุดู,neutral
283, ุงุฒุด ุงุณุชูุงุฏู ฺฉุฑุฏ,neutral
283, ุฑู ูุจู ู ุงุตูุง ุฑู ูพูุณุช ุฎูุจ ููุดูู ุ ุญุฌู ฺฉู ูู ุฏุงุฑู,neutral
283, ู ุงูุจุชู ุจุง ุชูุฌู ุจู ููุช ุงุด ุงู ููุถูุน ฺฉุงููุง ููุทูู,neutral
284,ูพููฺฉ ุฒุงุฏ ู ูุณุจุชุง ุฏุฑุดุช ,positive
284,ูู ฺฉ ุฎูุดู ุงููุฏ,positive
285,ุฑูฺฏุด ุฎู ูุงุฒู ุงุฒ ูุธุฑ ูุงูุฏฺฏุงุฑ ุงู ูุนููู ...,neutral
285, ูู ุจ ูุญุถ ุจุงุฒ ู ุจุณุชู ุดุฏู ุดุดู ูุงฺฉ ุดฺฉุณุช ููุฏููู,neutral
285, ุจุฎุงุทุฑ ฺฉูุช ุฏุฑุจ ุจูุฏ,neutral
285, ุง ฺ,neutral
286, ู ุฑูฺฏ ููุฏ,positive
286, ู ูุงุฒู ูู ุฎุงู ูุดูฺฏู,positive
286, ูู ุจุนููุงู ุจุณ ูุฑูฺ ุ ู ุดุงู ุดฺฉ ูู ุฏุงุฑู,positive
286, . . .,positive
286,ุจู ูุณุจุช ูุงฺฉ ุจุงุฏูุงู ูู ูุณุช  ,positive
286,ูู ุฎุฑุฏุด ุฑู ุจูุชูู ุชูุตู ูฺฉูู ุจุฑุง ุชุดุฎุต ุฑูฺฏุด ูู ุนฺฉุณ ฺฉู ุฏูุณุชุงู ฺฏุฐุงุดุชู ุฏุฑุณุช ุชุฑู,positive
287, ุฑูฺฏ ุฎูุจ ุฏุงุฑู .,positive
287, ุจุฑุง ฺฉุณุง ฺฉู ููุฎูุงู ุงุจุฑููุงุดูู ุฎู ุฑูุดู ุจุดู,positive
287, ฺฏุฒูู ููุงุณุจ ูุณุช,positive
287, ุงุฒ ูุธุฑ ฺฉูุช ูุชูุณุทู ู ุจุฑุงุดุด ุงูููุฏุฑ ูุชูุฑฺฉุฒ ูุณุช ู ุจุฒุฑฺฏู,positive
288, ูฺฉุฑ ฺฉุฑุฏู .,neutral
288, ุณุงุฒ ููู ุจููุฏุชุฑ ุจุงุดู,neutral
288,ุฎู ฺฉูุชุงูู .,neutral
288,ุชุนุฏุงุฏุด ต ุชุงุณ ุงูุง ฺฉุงุด ฺฉ ุจูุฏ ุจููุฏ ุชุฑ ุจูุฏ ุจุฏูู ุด.,neutral
289,ูุณุจุช ุจู ููุช ู ฺฉูุช ฺฉุงุบุฐ ฺฉุชุงุจ ุนุงูู,positive
290,ุจุณุงุฑ ุนุงู ู ฺฉุงุฑุจุฑุฏ ูุณุช,positive
291,ุฏููุง ูุซู ุนฺฉุณุด,positive
292, ุฎู ุจุฑุงุด ุฎูุจู ูููู ุฑูฺฏ ุจูุฏ,positive
292, ฺฉู ูุฎูุงุณุชู,positive
292, ููุช ุฑูฺฏ ุณูุงุฑุด ุฏุงุฏู,positive
292, ุจูุฏู,positive
292, ุฎู ูู ุฏูุณุด ุฏุงุฑู,positive
292, ูุงูุนุง ููููู ุงุฒ ุฏุฌฺฉุงูุง,positive
293, ุจุณุชู ุจูุฏ ูุญุตูู ุฎูุจ ูุณุช,neutral
293, ุดูุนุด ฺฉูุฏู,neutral
293, ุดุฏู,neutral
293, ุจูุฏ,neutral
293,ุจุงูุช ุฎุดฺฉ ุฏุงุฑู ฺฉ ุจุฑุง ุณุงู ุฒุฏู ู ุจููููุฏ ฺฉุฑุฏูุด ุงุตูุง ููุงุณุจ ูุณุช ููุท ุจุง ุฏุณุช ูุดู ุฎูุจ ูพุฎุดุด ฺฉุฑุฏ ฺฉ ุจูุธุฑู ูุดู ุงุฒุด ุจู ุนููุงู ฺฉุงูุฑ ฺฉูุฑฺฉุชูุฑ ููุงุท ูุฑูุฒ ุงุณุชูุงุฏู ฺฉุฑุฏ,neutral
294, ูุงฺฉ ุฎูุดุฑูฺฏ ูุณุช,neutral
294, ูู ุฏู ุฑูฺฏ ุงุฒู ุจุฑูุฏ,neutral
294, ุฑู ููุฒูุงู ุงุฒ ุฏู ูุฑูุดฺฏุงู ุฎุฑุฏู,neutral
294, ุ ุงู ฺฉ ูุดุฎุต ุจูุฏ,neutral
294, ูุงุณุฏู ู ุจุณุงุฑ ุจุฏุจู ุจูุฏ,neutral
294, ู ุฌูุน ูุดุฏ,neutral
294, ุงุฒ ุฑู ูุงุฎู,neutral
295, ุฏุฌ ฺฉุงูุง ุนุงูู ุฎุฏุง ุฎุฑุชูู ุจุฏู,neutral
295, ุญุฑู ูุฏุงุฑู,neutral
296,ุจูุชุฑู ฺฉุชุงุจ ููู ฺุด ุนุงู,positive
297,ุฎูุด ููุช ุชุฑู,positive
298,ฺฉุชุงุจ ุจุฏ ูุณุช,positive
299, ุนุงู ุจูุฏ,positive
299, ุจุฎุฑุฏ,positive
299, ุญุชูุง ๐,positive
300, ูููููู,positive
300, . .,positive
300,ุฑุงุถ ุงู  ,positive
300,ุจุณุงุฑ ฺฉุงุฑุจุฑุฏ,positive
301, ฺฉุงุด ูพููู ุชู ุณุทู ุฒุจุงูู ูุฑุฎุชู,neutral
301, ูู ุงูู ููุฎุฑุฏู ููู ุงูุนุงุฏู ุจุฏ ู ุดู,neutral
302,ุนุงูู,positive
303,ุฎู ุฎูุด ุฑูฺฏู,positive
304, ุฑูฺฏ ูุงุฒ ุฏุงุฑู,positive
304, ู ุฎู ุฒูุฏ ุฎุดฺฉ ูุดู,positive
305,ุฎูุจ,positive
306, ุฒูุฏ ุฎุดฺฉ ูุดู,positive
306, ุจุงฺฉูุช ุฎุดฺฉ ุฑูฺฏ .,positive
307,ุนุงู ูุณุช  ,positive
308, ุฎูุจ ุจูุฏ,positive
308, ุฑุงุถู,positive
309,ุชู ุชุฎูู ฺฏุฑูุชู,positive
310, ุจุฏฺฉ ูุจูุฏ,positive
310, ุงูุง ุฑูฺฏ ุฒุจุง,positive
311,ฺฉูุช ุฎูุจ ุฏุงุฑู,positive
312,ุฎูููุจู,positive
313,ุฎู  ูุดูฺฏู,positive
314,ุนุงู,positive
315,ุจุณุงุฑ ุฎูุด ุฑูฺฏ ู ุฒูุฏ ูู ุฎุดฺฉ ูุดู,positive
316, ุจุฑุณ ุชููพูู ู ุจุงูุฒู ุง ูุณุช,positive
316, ูู ูุง ุฑู ููฺฉุดู,positive
316, ู ูพูุณุช ุณุฑ ุฑู ุงุฐุช ููฺฉูู,positive
316, ฺฉูุช ุณุงุฎุชุด ูุดุฏ,positive
316, ุจุงูุงุชุฑ ุจุงุดู,positive
316, ูู ุจุง ุงูุญุงู ุฎูุจ ูุณุช,positive
317,ุฎูุดุฑูฺฏู ุฏุณุชุชูู ุทูุง,neutral
318,ุฏููุงู ูพุด ฺฉ ุณูู ุงู ููุช ุฎุฑุฏุงุฑ ฺฉุฑุฏู ,neutral
318,ุฑู ุฌูุฏ ูู ฒตุฒุฏู ,neutral
318,ุจุงุงู ููุช ูู ุงุฑุฒู ,neutral
318,ุฑูฺฏุด ุตูุฑุช ุจุงุฑุจ ูุณุช ,neutral
319, ุณูุงู ูู ุงู ูุงฺฉ ุฑู ุฎุฑุฏู,positive
319, ู ุฎู ุฏูุณุด ุฏุงุฑู,positive
319, ูุดูฺฏู,positive
319, ูู ุจุงุฏ,positive
319, ฒ ุจุงุฑ ุจุฒูุฏ,positive
319, ฺูู ุดูู,positive
319,ุงฺฏู ูุธุฑู ููุฏ ุจูุฏ ูุทูุง ูุงฺฉ ฺฉูุฏ ุฎูุดฺฏูุงุงุงุง,positive
320, ุฑูฺฏ ูุงฺฉ ฺฉู ุณูุงุฑุด ุฏุงุฏู .,neutral
320, ุจูุฏู,neutral
320, ูุงุฑูุฌ ุจูุฏ,neutral
320, ูู ูุงฺฉ ฺฉู ุจุฑุงู ุงุฑุณุงู ุดุฏ,neutral
320, ฺฏูุจู ุฎู ฺฉูุฑูฺฏ ุจูุฏ,neutral
320, ู ุงุตูุง ุดุจุงูุช ูุฏุงุดุช,neutral
320,ุงฺฏุฑ ูุงฺฉ ููุฑุฏูุธุฑ ุฑู ูุฏุงุฑู ุจุฒูุฏ ูุงููุฌูุฏ .,neutral
321,ฺฉุงููุง ุฎูุจ ู ุนุงู,positive
322, ุฎูุดุฑูฺฏู ู ููุงุณุจ ุงูุฑุงุฏู ฺฉู ูุงฺฉ ุชู ฺุดู ููุฎูุงู.,positive
322, ุชูุฑุจุง ุฑูฺฏ ูพูุณุชู .,positive
322, ุงูุจุชู ุงฺฏู ุฏู ูุงู ุจุฒูุฏ .,positive
322, ูพุฑุฑูฺฏ ุชุฑ ูุดู,positive
322, ูู ฺฉ ูุงู ุฒุฏู .,positive
322, ู ุนฺฉุณ ฺฏุฑูุชู,positive
322, ูู ฺูุฏู ูุงุฑฺฉ ูุงฺฉ ุฑู ุงูุชุญุงู ฺฉุฑุฏู,positive
322, ู ุชู ุงู ุฑูุฌ ููุช ูฺฺฉุฏูู ูุซู ูุงฺฉ ูุง ูุฒุงูู ูพูุดุด ุฏู ุนุงู ู ุณุฑุนุช ุฎุดฺฉ ุดุฏู ู ูุงูุฏฺฏุงุฑ ุจุงูุง ูุฏุงุดุชู .,positive
322, ูุฒุงูู ู ูุงฺฉ ุจุงฺฉูุชู ฺฉู ุชููุน ุฑูฺฏ ุจุงูุง ุฏุงุฑู .,positive
322, 12 ุฑูฺฏ ุงุฒ ุงู ูุงฺฉ ุฑู ุฏุงุฑู ู ุญุชูุง ูุฒุงูู ุฑู ุจูุชูู ูพุดููุงุฏ ูุฏู .,positive
323, ุงุฒ ูุญุงุธ ฺฉูุช ู ููุช ุฎู ุฎูุจู,positive
323, ุจุฑุง ฺฉุณุง ฺฉู ุฏุงุฎู ุฎููู ูุฎูุงู ุฎูุฏุดูู ูุงุฎู ูุงุดูู ุฑู ุฏุฑุณุช ฺฉูู ุนุงูู,positive
324, ุฑูฺฏุด ุฎูุจู,neutral
324, ูู ุงุตูุง ุฑูุดู ูุณุช,neutral
324, ูุฑ ฺฉุณ ูุฎูุงุฏ,neutral
324, ุจฺฏุฑู,neutral
324, ุฏู ุดูุงุฑู ุฑูุดูุชุฑ ุงุฒ ุฑูฺฏ ฺฉู ูุฎูุงุฏ,neutral
324, ุจฺฏุฑู,neutral
324, ู ูููุง ุณูุฏ ูู ููฺฏุฑู,neutral
325, ุงุฒ ุงู ูพุฏ ุฏุงุดุชู,positive
325, ุฑุงุญุช ุจุงูุงุงูุด ฺฉุฑู ูพูุฏุฑ ุง ูพูุฏุฑ ูฺฉุณ ุฑู ูุฒูู,positive
325, ููุท ููุชุด ุฎู ุฒุงุฏู,positive
325, ุชููุณุชู ฑ ุฏููู ุณูุงุฑุด ุจุฏู,positive
326, ุณูุงู ููููู ุงุฒ ุฏุฌ ฺฉุงูุง ูู ุฏุฑ ูพุดููุงุฏ ูุง ุดฺฏูุช ุงูฺฏุฒ ุฎุฑุฏู,positive
326, ููุช ุฎูุจ ู ฺฉูุช ุนุงู ู ููุช ุจุณุงุฑ ุฎูุจ,positive
327, ุฌูุณ ูุงุฎูู ูุง ุฎูุจู .,positive
327, ุฒุงุฏ ูุงุฒฺฉ ูุณุช,positive
327, ุจุฑุง ูุงุฎูู ุฏุณุช ููุงุณุจ ูุณุชู .,positive
327, ู ุญุช ุจุฒุฑฺฏุชุฑู ุณุงุฒุดู ูุชููุฏ,positive
327, ุจุฑุง ุงูฺฏุดุช ุดุตุช ูพุง ุงุณุชูุงุฏู ฺฉูุฏ,positive
327,ู ุงูฺฉู ูุชููุฏ ุจุง ูุงุฎูู ฺฏุฑ ฺฉูุชุงูุด ฺฉูู ู ุจุนุฏ ุณููุงู ุจฺฉุดู ุนุงู ูุดู .,positive
328, ูุณุจุช ุจู ูพูู ฺฉ ูุฏุฏ,positive
328, ุญุฑู ูุฏุงุฑู,positive
329, ุฎู ุนุงูู ู ฺฉูุช ุงุณุชููุด ุจุณุงุฑ ุฎูุจู ุงุฒ ฺฉ ูพุฏุด ุงฺฏู ูุงฺฉุชูู ฺฉูุฑูฺฏ ุจุงุดู,neutral
329, ฺูุฏ ุจุงุฑ ูุชููู ุงุณุชูุงุฏู ฺฉูู,neutral
329, ุจู ูุงฺฉ ูพุงฺฉู ูุง ฺฉ ฺฏุฑูุชู,neutral
329, ุงุฒ ููู ุจูุชุฑู,neutral
329, ุงุฒ ููุทุดู ูุชููู ููุช ุชููู ุดุฏ,neutral
329, ุงุณุชูุงุฏู ฺฉูู,neutral
330, ูู ุฑุงุถ ุจูุฏู,negative
330, ุงุฒ ูุฑูุดูุฏู ฺฏุฑูู ูุฑูุด ุฎุฑุฏู,negative
331,ุชุงุซุฑ ฺฏุฐุงุฑ,positive
332,ุฎูุจ,positive
333,ฺฉุชุงุจ ุฎูุจู ููุงุณุจ ฺฉูุฏฺฉุงู ,positive
334, ุนุงู ุจูุฏ,positive
334, ุงุณุช,positive
334, ุฎู ุฎูุจู,positive
335,ุดุนุฑ ูุง ุฒุจุง  ุฏุงุฑุฏ ,positive
336, ูุงุณุชฺฉ ฺฉูฺฺฉ ูุณุช,neutral
336, ู ฺฉู ูฺู ูุง ุฑู ููฺฏุฑู,neutral
336, ู ูุงุฒูู ุฏู ุจุงุฑ ูุฑ ฺฉูุฏ,neutral
336,ุงูฺฏุงุฑ ฺฉ ุทุฑูุด ูููุน ุจุงุฒ ู ุจุณุชู ฺฉุฑุฏู ุฒูุฏุชุฑ ูุฑุณู ูู ฺฉุณุงู ูุฑ ฺฉุฑุฏ ุชุนุฌุจ ฺฉุฑุฏู ,neutral
336,ูู ุฑุงุถ ุจูุฏู ุฏุฑ ฺฉู ูุณุจุช ุจู ููุช ฑทฐฐฐ ุชููู,neutral
337, ุจุง ุณูุงู ูู ุงู ุฑูฺฏู ุจู ููุช ููุงุณุจ ณถ ุชููู ุฏุฑ ุชุงุฑุฎ ฒน/ฑ/ฑดฐฒ ุงุฒ ุฎุฑุฏู,positive
337, ุงูุฏูุงุฑู,positive
337, ุฎูุจ ุจุงุดู,positive
338,ฺฉูุช ุณุงุฎุชุด ุฎูุจู,positive
339, ุงุฒ ูุฑูุดูุฏู ุขุฑุงูุง ุจูุช .,neutral
339, ุงู ุฑูฺฏ ูู ุฑู ุณูุงุฑุด ุฏุงุฏู,neutral
339, ูู ุฑูฺฏ ูู ุฏฺฏุฑ ุงุฒ ุจุฑูุฏ ุฏฺฏุฑ ุจุฑุงู ุงุฑุณุงู ฺฉุฑุฏู ฺฉู ููู,neutral
339, ูุฌุจูุฑ ุจู ูุฑุฌูุนุด ุดุฏู,neutral
339, ูุงูุนุง ููุฏููู ูุฏู ุจุนุถ ุงุฒ ูุฑูุดูุฏู ูุง ุงุฒ ุงุฑุณุงู ูุญุตูู ุงุดุชุจุงู ฺู  !!!,neutral
340, ุฎู ฺฉูฺููู ููฺููู ูุณุช .,neutral
340, ูู ุฏูุงูุด ูุงูุนุง ุฒุงุฏู,neutral
340, ุจุงุฏ .,neutral
340, ุจุฐุงุฑู,neutral
340, ุฑู ูุจ ฺฉุงูู ุฎุดฺฉ ุจุดู,neutral
340, ูฺฏุฑูู ูุณูุชูุง ุฎุณ ุจุฑ ุงุซุฑ ุชูุงุณ ุฑูฺฏ ูพุณ ูุฏู,neutral
340,ุจุนุฏ ุฎุดฺฉ ุดุฏู ุชุง ุฏู ุฑูุฒ ูู ุฏูุงู ุฏุงุฑู,neutral
341,ฺฉ ุฏูุงู ุญุงูุธ ุฌูุน ู ุฌูุฑ ู ูุดูฺฏ,positive
342,ุงู ฺฉุชุงุจ ุญุช ุฏุฑ ฺฉุชุงุจูุฑูุด ุจุง ุชุฎูู ููุ ููุชุด ุจุดุชุฑ ุจูุฏ,neutral
343,ฺฉุชุงุจ ุฌุงูุจ ุงุณุช,positive
344,ุฎู ุฎูุดุฑูฺฏ ู ุฎุงุตู ,positive
344, ูู ุฏู ุชุง ุนฺฉุณ ฺฉ ุจุง ููุด ฺฉ ุจุฏูู ููุด ฺฏุฐุงุดุชู,positive
344, ุงูุง ุจุงุฒ ูู ุฒุจุงุด ฺฉุงููุง ูุดุฎุต ูุณุช,positive
344,ุงูุจุชู ุงฺฏุฑ ุฒุฑุด ฺฉ ูุงฺฉ ุชุฑู ูุซู ูุดฺฉ ุง ุฑูุด ุชุงูพ ฺฉูุช ุจุฎูุฑู ุฌููู ุงุด ุฏู ฺูุฏุงู ูุดู !,positive
345, ุฎูุจู,positive
345, ูู ุงูุฏุงุฒู ฺฉูฺฺฉ ุฏุงุฑู,positive
345, ู ุฒุงุฏ ุจู ุขูุงูุงุณ ููุฏู,positive
345, ูุณุจุช ุจู ููุชุด ฺฏุฑูู ูุณุช,positive
345,ูุงูฺฉู ุชู ุฎฺุงู ุจุงุฏ ูฺฏูุฏุงุฑ ุจุดู,positive
346, ูุณูู ฺฉุงุฑุจุฑุฏ ูุณุช,positive
346, ุงูุง ูุงู ูู ุฌูุณุด ุฎู ูุงุฒฺฉ ุจูุฏ,positive
346, ุตูุฑุช ุฑู ุฎุดฺฉ ูฺฉูู,positive
346, ุงูุง ูพูุณุช ุฑู ุนูู ุชูุฒ ูฺฉูู,positive
347, ูุณุจุช ุจู ููุชุด ุฎูุจ ุจูุฏ,neutral
347, ูุงุฎู ุฑู ุฎุดฺฉ ูู ฺฉุฑุฏ,neutral
347, ูู ูุงฺฉ ุณุฎุช ูพุงฺฉ ู ุดุฏ,neutral
348, ูู ุณูุงุฑุด ุฏุงุฏู,positive
348, ูุงูุนุง ูพุดููุงุฏ ูฺฉูู,positive
348, ุจุฎุฑุฏ,positive
348, ูู ููุช ุฎูุจ ุงุฑุณุงู ุจู ูููุน ุจุฏูู ุฎุฑุงุจ ุฑูฺฏ ุฒุฑุฏุด ูู ุงุฒ ููู ูุดูฺฏ ุชุฑู,positive
349, ฺฉูุช ุฎูุจู,positive
349, ู ุฒูุฏ ุฎุดฺฉ ูุดู,positive
349, ูู ุจุงุฏ,positive
349, ู ูุงู ุฒุฏ,positive
349, ู ุงููู ุญูุงุณุช ุฌูุน ุจุงุดู,positive
349, ฺฉู ุฒุงุฏ ูุงู ุงุด ุถุฎู ูุดู,positive
350, ูู 7,positive
350, ุชุง ูุงฺฉ ุฎุฑุฏู,positive
350, ุ ุจูู ุฑู ูููุฒ ุงูุชุญุงู ูฺฉุฑุฏู,positive
350, ูู ุงูู ฺฉู ุงุณุชูุงุฏู ฺฉุฑุฏู,positive
350, ุจ ูุธุฑ ุจูุฏ,positive
350, ุ ููู ุฌูุฑู ุนุงู ุจูุฏ,positive
350, ุ ฺู ุงุฒ ูุญุงุธ ุฑูฺฏ ู ุฒุจุง ุ ฺู ฺฉูุช . . .,positive
350,ุฎู ุฎูุจู ุ ุฏูุชุง ุนฺฉุณ ฺฏุฐุงุดุชู ฺฉุด ุจุฏูู ููุด ุ ฺฉุด ุจุง ููุด,positive
351,ูฺ ฺฉุชุงุจ ุจุฏ ูุณุช,positive
352,ุฎูุจ,positive
353,ุจุณุงุฑ ุนุงู ููพุฑุจุงุฑ ูุงููุฒูุฏู,neutral
354,ุนุงู ุจ ูุธุฑ,positive
355, ฺฉูุช ฺฉุงุบุฐุด ุงุตูุง ุฌุงูุจ ูุณุช .,neutral
355, ุ ุง ฺฉุงุด ุจุง ฺฉุงุบุฐ ฺฉุงู ฺุงูพ ููุดุฏ,neutral
356,ู ูพฺฉฺ ฺฉุงูู ุดุงูู ฺูุฏ ุนุฏุฏ ุดุงูู ู ูฺ ู ุจุฑุณ ู ุฑู ุงูุฏุงุฒ ู  ...,neutral
356, ุจุฑุง ููุช ฺฉู ูุฑู .,neutral
356, ุขุฑุงุดฺฏุงู ูุฑุฏุงูู ุง ุณูุฑ ุฎุฑุฏู,neutral
356, ุณุน ฺฉุฑุฏู .,neutral
356, ุชููุน ุฏุงุดุชู,neutral
356, ู ุงุฒ ุจุฑูุฏ,neutral
356, ูุง ุจุง ฺฉูุช ู ููุช ููุตูุงูู ูู ุจุงุดูุฏ,neutral
356,ุงูู ู ููู ุงุฒ ุงููุงุณุช ฺฉู ุงฺฏุฑ ุงุตูุงุญ ุตูุฑุช ุง ุฎุท ูพุดุช ฺฏุฑุฏู ู ูพุงฺฏูุด ููฺฉูู ุงุณุชูุงุฏู ฺฉูู .,neutral
356,ุนฺฉุณู ูุฒุงุฑู,neutral
357, ุงู ุดููู ฺฉ ุงุฒ ุจูุชุฑู ูุฏู ุดููู ุจุฑุง ุณุดูุงุฑ ฺฉุดุฏู ูุณุช.,positive
357, ุจุฑุง ูุฑ ุฎููู ุญุฏุงูู ฺฉ ูุงุฒู ุฏุฑ ุฎุฑุฏุด ุดฺฉ ูฺฉูุฏ.,positive
358, ูู ุจุฑุง ุชุฑฺฉุจ ุจุง ุฑูฺฏ ูุณ ุชุฑู ฺฏุฑูุชู,positive
358, ูุจูุง ูู ุงู ุฑูฺฏ ุฑู ุฎุฑุฏู,positive
358, ุจูุฏู,positive
358, ู ุฑุงุถู,positive
358, . .,positive
358,ููููู ุงุฒ ุฏุฌ ููุฑูุดูุฏู ูุญุชุฑู,positive
359, ูุณุจุช ุจู ููุช ุฎูุจ ุจูุฏ,positive
359, ููุท ุณุงุฒุด ุฎู ฺฉูฺฺฉ ุจูุฏ,positive
360, ุจุฑุง ฺฉุณ ฺฉุงุฏู ฺฏุฑูุชู,neutral
360, ุฎู ุฏูุณุชุด ุฏุงุดุช,neutral
361,ฺฉุชุงุจ ุฎูุจู  ,neutral
361, ุงุฒ ูุญุงุธ ูุชู ุญุฑู ูุฏุงุฑู,neutral
361, ุงูุง ุชู ฺุงฺฉ ุนฺฉุณุง ุฎูุฑุฏู,neutral
361, ุจ ฺฉูุช ุดุฏู,neutral
361,(ุฌูุณ ุจุฑฺฏู ูุงุด ฺฏูุงุณุณ),neutral
362, ุฌูุณ ฺฉุงุบุฐุด ุฑูุบู ูุณุชุด,neutral
362, ูู,neutral
363, ูุฑุฌูุน ูฺฉุฑุฏู,neutral
363, ุงุณุชูุงุฏู ูฺฉุฑุฏู,neutral
363, ูุฎุงุณุชู,neutral
363, ุจุฑู,neutral
363, ููููู ูุงุฒู ุฏุงุดุชู,neutral
363, ุฑูุฒ ููููู ุจุงุฏ,neutral
363, ูุฑุณุฏ,neutral
363, ููุชู ุฑุณุฏ,neutral
363, ุจุฑู ูุจ ุจูุฏ,neutral
363, ุจุฎุงู ุดุฏู,neutral
363, ูฺฏ ูุดู,neutral
363, ุงุฏู ููฺู ุงุดุชุจุงูุงุช ุฑู ฺฉูู ูุงุถุญ ุณูุงุฑุดู ุฏุงุฏู,neutral
363, ููุฏููู,neutral
363, ฺุฑุง ฺ ุฏฺฏ ูุฑุณุชุงุฏู ุฏฺฏ ููุงุฒู ุงุฑุงุด ุงุฒ ุฏุฌ ฺฉุงูุง ุณูุงุฑุด ููุฏู,neutral
363, ฺูู ุฎู ุฑุณฺฉู ู ูุฑูุดูุฏู ูุง ุจ ุฎุงูู ุฎุงุณุชู,neutral
363, ูุดุชุฑ ูุงุดููู,neutral
364, ุณุฑูู ุฏุงู ุฎูุจู.,positive
364, ูู ุงุฒ ุฌูุช ุฌูุณ ฺฉู ุจุฑูุฌ ู ูุงูุฏฺฏุงุฑ ู ูุงุจู ุดุณุชุดู ูู ููุช ุฎูุจ ุฏุงุฑู  ,positive
364, ูู ุฏุงุฆูุง ุงุฒ ุณุฑูู ุงุณุชูุงุฏู ูฺฉูู .,positive
364, ู ููู ูุงุฒฺฉ ู ุฎูุจ ุฏุงุฑู,positive
364, ุญุชูุง ูุจู ุงุฒ ุงุณุชูุงุฏู ููู ุฑู ฺฺฉ ฺฉูุฏ .,positive
364, ฺฉู ูพูุณู ูุฏุงุดุชู,positive
364, ุจุงุดู,positive
364, ู ุจู ฺุดู ุงุณุจ ูุฒูู,positive
364, ููุท ูุฑ ุฏู ุฑูุฒ ฺฉ ุจุงุฑ ุจุณุชู ุจู ูุฒุงู ุงุณุชูุงุฏู ุจุงุฏ ููู ุฑู ฺฉูฺฉ ฺฉูุฏ(ุทุฑูู ฺฉูฺฉ ููู ุณุฑูู ุฏุงู ุณุฑฺ ุจูุฑูุงุฏ) ,positive
364,ูู ุณู ุชุง ุงุฒ ูุฑูุดูุฏู ูพุฑููุง ฺฏุงูุฑ ุจุง ฺฉุฏูุง ูุฎุชูู ู ุทุฑุญ ู ููุช ูุชูุงูุช ุชูู ฺฉุฑุฏู ููู ุฑู ู ุดฺฉู ูุฑุณุชุงุฏ !,positive
364, ุงฺฏู ูุฑุงุฑู ุฎูุฏุชูู ูุฑฺ ูุฎูุงุฏ ุงุฑุณุงู ฺฉูุฏ ูพุณ ฺุฑุง ุนฺฉุณ ูุฐุงุฑุฏ ฺฉู ุงูุชุฎุงุจ ฺฉูู ุุ!,positive
365, ูู ุงุฒ ุงู ุจุฑูุฏ ุฒุงุฏ ูุฎุฑู,positive
365, ูุณุจุช ุจู ููุชุด ุฎูุจู,positive
365, ุ ุชููุน ุฑูฺฏ ุฎูุจ ุฏุงุฑู,positive
365, ูุงฺฉุซุฑ ุฑูฺฏูุงุด ูุดูฺฏู .,positive
365, ุงู ุฑูฺฏุดู ุฎูุด ุฑูฺฏ ุจูุฏ ู ูู ุจุง ุฑูฺฏ ุฏฺฏู  ููู ุจุฑูุฏ ุณุช ฺฉุฑุฏู,positive
366, ูู ุฌูุณ ุงุณุชูุฏ ุนุงู ุจูุฏ .,positive
366, ูู ุงุณุชู ุณูุงุฑุด ุฏุงุฏู,positive
366, ูู ุจูุช ุจููุฏุฑ ฺฉ ุงุฑุณุงู ฺฉุฑุฏู ุฎู ุฌูุณ ุฎูุจ ุฏุงุดุช,positive
366, ูู ุฎู ุฎูุดฺฏู ู ุฏููุง ูุซู ุนฺฉุณุด ุตูุฑุช ุจูุฏ,positive
366,ุจุณุชู ุจูุฏ ุดฺฉ ูู ุฏุงุดุช,positive
367, ูู ุฑุงุถู .,neutral
367, ู ููุดู ุงุฒ ุงู ุจุฑูุฏ,neutral
367, ู ุงู ุฑูฺฏ ุงุณุชูุงุฏู ฺฉุฑุฏู,neutral
367, ุงูฺฉู ุฎูุฏุด ุธุฑู ู ุจุฑุงุด ุฏุงุฑู ุงุณุชูุงุฏู ุงุฒุด ุฑู ุฑุงุญุช ฺฉุฑุฏู .,neutral
368,ุจุง ุฏูุจูุฏ ุฑูฺฏ ุตุฏู ุฏูุฏ ูุงุท ฺฉุฑุฏู ,positive
368,ูุจูุด ูู ุฑูฺฏ ุณู ุตูุฑ ุฑู ูููุงู ุฒุฏู ,positive
368,ูููุง ุณูุฏู ุฑูฺฏ ุจุงุฏูุฌุงู ุฎูุด ุฑูฺฏ ุดุฏ ,positive
369, ุญุฌู ุฎูุจ ุฏุงุฑู.,positive
369, ููุชุดู ุฎูุจู,positive
369, ููุท ฺฉู ฺฉู ุฑูฺฏู,positive
369, ฺฉู ุจุงุฏ,positive
369, ุฏู ุจุงุฑ ุจุฒู,positive
369, ู ุฎูุจ ูุดู,positive
370,ุจุณุชู ุจูุฏ ุฎูุจ ู ฺฉูุช ฺฉุงุบุฐุด ูู ูุงุจู ูุจูู ูุณุช,neutral
371,ุฑูฺฏุดู ุฏูุณ ุฏุงุฑู,neutral
372, ุฎูุจ ุจูุฏ,positive
372, ุชู ุนฺฉุณ ุฑูฺฏุด ุฑูุดูุชุฑ ุงูุชุงุฏู,positive
372, ุฑูฺฏ ูุงูุนุด ุจููุด ุชุฑู ุณ,positive
373,ุงุฒ ูุฑ ูุญุงุธ ุนุงู,neutral
374, ุงู ุจุฑู ูุจ ุนุงู ูู ุฎู ุฑุงุถู,positive
374, ูู ต ุง ถ ูุงูู ฺฉู ุฏุงุฑู,positive
374, ุงุฒุด ุงุณุชูุงุฏู ูฺฉูู,positive
374, ุฎู ุฑุงุถู,positive
375, ุฑูฺฏ ุจููุดุด ุฑู ุฎุฑุฏู.,positive
375, ุฎู ุฎูุดฺฏู ู ุจุงูุฒู ุงุณุช.,positive
375, ุขูู ุฎูุจ ูู ุฏุงุฑู,positive
376,ุฎู ุชุงุซุฑ ฺฏุฐุงุฑู,positive
377, ุฎูุจู,neutral
377, ูู ุงุฒ ุฎุฑุฏ ฺฉุชุงุจ ุฑุงุถ ุจูุฏู,neutral
377, ู ูพุณุฑู ุงุณุชูุงุฏู ฺฉุฑุฏ,neutral
378,ฺฉุชุงุจ ุนุงูู ูุณุชุด,positive
379,ุนุงู ู ุชูุฑุฑ,neutral
